spec.name,Scientific_name,TSN,spec.name.ORIG,Squished,Brackets.detected,Number.detected,Unique,Matched,Fuzzy,Fuzzy.dist,OriSeq,Subseq,taxonID,scientificNameID,localID,taxonRank,parentNameUsageID,scientificNameAuthorship,family,subfamily,tribe,subtribe,genus,subgenus,specificEpithet,infraspecificEpithet,verbatimTaxonRank,nomenclaturalStatus,namePublishedIn,taxonomicStatus,acceptedNameUsageID,originalNameUsageID,nameAccordingToID,taxonRemarks,references,source,majorGroup,tplID,Hybrid,New.accepted,Old.status,Old.ID,Old.name,One.Reason
Agrostema githago,Agrostemma githago,20230,Agrostema githago,FALSE,FALSE,FALSE,TRUE,TRUE,TRUE,1,1,1,wfo-0000524512,urn:lsid:ipni.org:names:95561-3,759050,species,wfo-4000000994,L.,Caryophyllaceae,NA,NA,NA,Agrostemma,NA,githago,NA,species,Valid,Species Plantarum 2 1753,Accepted,NA,NA,NA,"Source in seed data: cmp Updated namepublishedIn from Sp. Pl. 435 1753 to Species Plantarum 2 1753 , information provided by Alan E. on email Oct. 12 2020 More details could be found in <a href=http://www.theplantlist.org/tpl1.1/record/kew-2626726 >The P",http://www.theplantlist.org/tpl1.1/record/kew-2626726,The Caryophyllales TEN -The Caryophyllales Network,A,kew-2626726,NA,FALSE,NA,NA,NA,NA
Allium canadensis,Allium canadense,42635,Allium canadensis,FALSE,FALSE,FALSE,FALSE,TRUE,TRUE,2,2,1,wfo-0000755875,urn:lsid:ipni.org:names:527759-1,295220,species,wfo-4000001260,L.,Amaryllidaceae,NA,NA,NA,Allium,NA,canadense,NA,species,Valid,Sp. Pl. : 1195 (1753),Accepted,NA,NA,NA,"Source in seed data: wcs Update namepublishedIn from Sp. Pl. 2: 1195. 1753 [1 May 1753] to Sp. Pl. : 1195 (1753), information provided by Alan E. on email Jun. 07 2021 More details could be found in <a href=http://www.theplantlist.org/tpl1.1/record/kew-2",http://www.theplantlist.org/tpl1.1/record/kew-295220,"World Checklist of Vascular Plants. Facilitated by the Royal Botanic Gardens, Kew.",A,kew-295220,NA,FALSE,NA,NA,NA,Not a synonym
Althea officinalis,Althaea officinalis,21610,Althea officinalis,FALSE,FALSE,FALSE,TRUE,TRUE,TRUE,1,3,1,wfo-0000529011,urn:lsid:ipni.org:names:558872-1,763753,species,wfo-4000001416,L.,Malvaceae,NA,NA,NA,Althaea,NA,officinalis,NA,species,Valid,Sp. Pl. : 686 (1753),Accepted,NA,NA,NA,"Source in seed data: cmp Update namepublishedIn from Sp. Pl. 686 1753 to Sp. Pl. : 686 (1753), information provided by Alan E. on email Jun. 07 2021 More details could be found in <a href=http://www.theplantlist.org/tpl1.1/record/kew-2631597 >The Plant L",http://www.theplantlist.org/tpl1.1/record/kew-2631597,"World Checklist of Vascular Plants. Facilitated by the Royal Botanic Gardens, Kew.",A,kew-2631597,NA,FALSE,NA,NA,NA,NA
Anagalis arvensis,Anagallis arvensis,24043,Anagalis arvensis,FALSE,FALSE,FALSE,TRUE,TRUE,TRUE,1,4,1,wfo-0000744184,urn:lsid:ipni.org:names:77100386-1,1019396,species,wfo-4000022565,(L.) U.Manns & Anderb.,Primulaceae,NA,NA,NA,Lysimachia,NA,arvensis,NA,species,Valid,Willdenowia  39: 51 (2009),Accepted,NA,wfo-0000533162,NA,"Source in seed data: ksu Update namepublishedIn from Willdenowia 39(1): 51. 2009 [7 Jul 2009] to Willdenowia 39: 51 (2009), information provided by Alan E. on email Jun. 07 2021 More details could be found in <a href=http://www.theplantlist.org/tpl1.1/re",https://powo.science.kew.org/taxon/urn:lsid:ipni.org:names:77100386-1,"World Checklist of Vascular Plants. Facilitated by the Royal Botanic Gardens, Kew.",A,kew-2896568,NA,TRUE,Synonym,wfo-0000533162,Anagallis arvensis,NA
Anemonella thallictroides,Anemonella thalictroides,508858,Anemonella thallictroides,FALSE,FALSE,FALSE,TRUE,TRUE,TRUE,1,5,1,wfo-0000535938,urn:lsid:ipni.org:names:708732-1,770945,species,wfo-4000002055,Spach,Ranunculaceae,NA,NA,NA,Anemonella,NA,thalictroides,NA,species,Valid,Hist. Nat. Vég. 7: 240 (1838),Accepted,NA,wfo-0000535845,NA,"Source in seed data: cmp Updated scientificnameAuthorship from (L.) Spach to Spach, information provided by Alan E. on email Oct. 12 2020 More details could be found in <a href=http://www.theplantlist.org/tpl1.1/record/kew-2638832 >The Plant List v.1.1.<",http://www.theplantlist.org/tpl1.1/record/kew-2638832,"World Checklist of Vascular Plants. Facilitated by the Royal Botanic Gardens, Kew.",A,kew-2638832,NA,FALSE,NA,NA,NA,NA
Calopogon pulchellis,Calopogon tuberosus var. tuberosus,527036,Calopogon pulchellis,FALSE,FALSE,FALSE,FALSE,TRUE,TRUE,1,6,1,wfo-0000780309,urn:lsid:ipni.org:names:77167801-1,31886,variety,wfo-0000780265,NA,Orchidaceae,NA,NA,NA,Calopogon,NA,tuberosus,tuberosus,variety,Valid,Unknown,Accepted,NA,NA,NA,"Source in seed data: wcs Updated taxonomicstatus from Accepted to accepted, acceptedNameId from to null, [references] from https://wcvp.science.kew.org/taxon/77167801-1, according to WCVP, information provided by Alan E. on email Dec 02 2020 More details",https://powo.science.kew.org/taxon/urn:lsid:ipni.org:names:77167801-1,"World Checklist of Vascular Plants. Facilitated by the Royal Botanic Gardens, Kew.",A,kew-31886,NA,TRUE,Synonym,wfo-0000780209,Calopogon pulchellus,smallest ID
Cannabis sativam,Cannabis sativa,19109,Cannabis sativam,FALSE,FALSE,FALSE,TRUE,TRUE,TRUE,1,7,1,wfo-0000584001,urn:lsid:ipni.org:names:306087-2,827930,species,wfo-4000006546,L.,Cannabaceae,NA,NA,NA,Cannabis,NA,sativa,NA,species,Valid,Sp. Pl. : 1027 (1753),Accepted,NA,NA,NA,"Source in seed data: cmp Update namepublishedIn from Sp. Pl. 1027 1753 to Sp. Pl. : 1027 (1753), information provided by Alan E. on email Jun. 07 2021 More details could be found in <a href=http://www.theplantlist.org/tpl1.1/record/kew-2696480 >The Plant",https://powo.science.kew.org/taxon/urn:lsid:ipni.org:names:306087-2,"World Checklist of Vascular Plants. Facilitated by the Royal Botanic Gardens, Kew.",A,kew-2696480,NA,FALSE,NA,NA,NA,NA
Cardamine bulbosus,Cardamine bulbosa,22769,Cardamine bulbosus,FALSE,FALSE,FALSE,TRUE,TRUE,TRUE,2,8,1,wfo-0000586592,urn:lsid:ipni.org:names:45119-2,830965,species,wfo-4000006656,"(Schreb. ex Muhl.) Britton, Sterns & Poggenb.",Brassicaceae,NA,NA,NA,Cardamine,NA,bulbosa,NA,species,Valid,Prelim. Cat. : 4 (1888),Accepted,NA,wfo-0000542005,NA,"Source in seed data: cmp Update namepublishedIn from Prelim. Cat. 4 1888 to Prelim. Cat. : 4 (1888), information provided by Alan E. on email Jun. 07 2021 More details could be found in <a href=http://www.theplantlist.org/tpl1.1/record/kew-2699541 >The P",http://www.theplantlist.org/tpl1.1/record/kew-2699541,"World Checklist of Vascular Plants. Facilitated by the Royal Botanic Gardens, Kew.",A,kew-2699541,NA,FALSE,NA,NA,NA,NA
Cornus ammonum,Cornus amomum,27799,Cornus ammonum,FALSE,FALSE,FALSE,TRUE,TRUE,TRUE,2,9,1,wfo-0000924584,urn:lsid:ipni.org:names:66085-2,47280,species,wfo-4000009342,Mill.,Cornaceae,NA,NA,NA,Cornus,NA,amomum,NA,species,Valid,"Gard. Dict., ed. 8. : n.° 5 (1768)",Accepted,NA,NA,NA,"Source in seed data: wcs Update namepublishedIn from Gard. Dict. ed. 8 5 1768 to Gard. Dict. ed. 8 : n.º 5 (1768), information provided by Alan E. on email Jun. 07 2021 More details could be found in <a href=http://www.theplantlist.org/tpl1.1/record/kew",https://powo.science.kew.org/taxon/urn:lsid:ipni.org:names:66085-2,"World Checklist of Vascular Plants. Facilitated by the Royal Botanic Gardens, Kew.",A,kew-47280,NA,FALSE,NA,NA,NA,NA
Crotolaria sagittalis,Crotalaria sagittalis,26579,Crotolaria sagittalis,FALSE,FALSE,FALSE,TRUE,TRUE,TRUE,1,10,1,wfo-0000174082,urn:lsid:ipni.org:names:318914-2,20198,species,wfo-4000009787,L.,Fabaceae,Papilionoideae,NA,NA,Crotalaria,NA,sagittalis,NA,species,Valid,Sp. Pl. : 714 (1753),Accepted,NA,NA,NA,"Source in seed data: ildis Update namepublishedIn from to Sp. Pl. : 714 (1753), information provided by Alan E. on email Jun. 07 2021 More details could be found in <a href=http://www.theplantlist.org/tpl1.1/record/ild-20198 >The Plant List v.1.1.</a> Or",https://www.legumedata.org/taxonomy/taxon/2744502,The Fabaceae TEN - Legume Taxonomy Working Group,A,ild-20198,NA,FALSE,NA,NA,NA,NA
Cypredium acaule,Cypripedium acaule,43534,Cypredium  acaule,TRUE,FALSE,FALSE,TRUE,TRUE,TRUE,2,11,1,wfo-0000935125,urn:lsid:ipni.org:names:75333-2,53870,species,wfo-4000010482,Aiton,Orchidaceae,NA,NA,NA,Cypripedium,NA,acaule,NA,species,Valid,Hort. Kew. 3: 303 (1789),Accepted,NA,NA,NA,"Source in seed data: wcs Update namepublishedIn from Hort. Kew. 3: 303 1789 to Hort. Kew. 3: 303 (1789), information provided by Alan E. on email Jun. 07 2021 More details could be found in <a href=http://www.theplantlist.org/tpl1.1/record/kew-53870 >The",https://powo.science.kew.org/taxon/urn:lsid:ipni.org:names:75333-2,"World Checklist of Vascular Plants. Facilitated by the Royal Botanic Gardens, Kew.",A,kew-53870,NA,FALSE,NA,NA,NA,NA
Erigeron philadelphius,Erigeron philadelphicus,35809,Erigeron philadelphius,FALSE,FALSE,FALSE,FALSE,TRUE,TRUE,1,12,2,wfo-0000022234,urn:lsid:ipni.org:names:204312-1,GCC-71C46651-4FCA-4CD4-BE9D-C9EAFE03455E,species,wfo-4000013785,L.,Asteraceae,Asteroideae,Astereae,Conyzinae,Erigeron,NA,philadelphicus,NA,species,Valid,Sp. Pl. : 863 (1753),Accepted,NA,NA,NA,"Source in seed data: gcc Update namepublishedIn from Sp. Pl.: 863 (1753) to Sp. Pl. : 863 (1753), information provided by Alan E. on email Jun. 07 2021 More details could be found in <a href=http://www.theplantlist.org/tpl1.1/record/gcc-121495 >The Plant",https://www.compositae.org/gcd/aphia.php?p=taxdetails&id=1108554,The Asteraceaae TEN,A,gcc-121495,NA,FALSE,NA,NA,NA,Not a synonym
Eupatorium perfoliata,Eupatorium perfoliatum,35980,Eupatorium perfoliata,FALSE,FALSE,FALSE,TRUE,TRUE,TRUE,2,13,1,wfo-0000027022,urn:lsid:ipni.org:names:277036-2,GCC-0651A369-2C83-4777-829E-D49816A52B82,species,wfo-4000014215,L.,Asteraceae,Asteroideae,Eupatorieae,Eupatoriinae,Eupatorium,NA,perfoliatum,NA,species,Valid,Sp. Pl. : 838 (1753),Accepted,NA,NA,NA,"Source in seed data: gcc Update namepublishedIn from Sp. Pl. 838 1753 to Sp. Pl. : 838 (1753), information provided by Alan E. on email Jun. 07 2021 More details could be found in <a href=http://www.theplantlist.org/tpl1.1/record/gcc-126117 >The Plant Li",https://www.compositae.org/gcd/aphia.php?p=taxdetails&id=1109836,The Asteraceaae TEN,A,gcc-126117,NA,FALSE,NA,NA,NA,NA
Galium circaezens,Galium circaezans,34800,Galium circaezens,FALSE,FALSE,FALSE,TRUE,TRUE,TRUE,1,14,1,wfo-0000968671,urn:lsid:ipni.org:names:749731-1,86048,species,wfo-4000015241,Michx.,Rubiaceae,NA,NA,NA,Galium,NA,circaezans,NA,species,Valid,Fl. Bor.-Amer.  1: 80 (1803),Accepted,NA,NA,NA,"Source in seed data: wcs Update namepublishedIn from Fl. Bor.-Amer. 1: 80 1803 to Fl. Bor.-Amer. 1: 80 (1803), information provided by Alan E. on email Jun. 07 2021 More details could be found in <a href=http://www.theplantlist.org/tpl1.1/record/kew-8604",https://powo.science.kew.org/taxon/urn:lsid:ipni.org:names:749731-1,"World Checklist of Vascular Plants. Facilitated by the Royal Botanic Gardens, Kew.",A,kew-86048,NA,FALSE,NA,NA,NA,NA
Galium mullugo,Galium mollugo,34891,Galium mullugo,FALSE,FALSE,FALSE,TRUE,TRUE,TRUE,1,15,1,wfo-0000969499,urn:lsid:ipni.org:names:750253-1,86839,species,wfo-4000015241,L.,Rubiaceae,NA,NA,NA,Galium,NA,mollugo,NA,species,Valid,Sp. Pl. : 107 (1753),Accepted,NA,NA,NA,"Source in seed data: wcs Update namepublishedIn from Sp. Pl. 1: 107. 1753 [1 May 1753] to Sp. Pl. : 107 (1753), information provided by Alan E. on email Jun. 07 2021 More details could be found in <a href=http://www.theplantlist.org/tpl1.1/record/kew-868",https://powo.science.kew.org/taxon/urn:lsid:ipni.org:names:750253-1,"World Checklist of Vascular Plants. Facilitated by the Royal Botanic Gardens, Kew.",A,kew-86839,NA,FALSE,NA,NA,NA,NA
Geum canadensis,Geum canadense,24645,Geum canadensis,FALSE,FALSE,FALSE,FALSE,TRUE,TRUE,2,16,2,wfo-0001012938,urn:lsid:ipni.org:names:30065568-2,5587,species,wfo-4000015601,Jacq.,Rosaceae,NA,NA,NA,Geum,NA,canadense,NA,species,Valid,Hort. Bot. Vindob.  2: 82 (1773),Accepted,NA,NA,NA,"Source in seed data: rjp Update namepublishedIn from Hortus botanicus vindobonensis ; 1770 82, pl.175 1773 to Hort. Bot. Vindob. 2: 82 (1773), information provided by Alan E. on email Jun. 07 2021 More details could be found in <a href=http://www.theplan",https://powo.science.kew.org/taxon/urn:lsid:ipni.org:names:30065568-2,"World Checklist of Vascular Plants. Facilitated by the Royal Botanic Gardens, Kew.",A,rjp-5587,NA,FALSE,NA,NA,NA,Accepted
Goodyera tessellata,Goodyera tesselata,43596,Goodyera tessellata,FALSE,FALSE,FALSE,FALSE,TRUE,TRUE,1,17,1,wfo-0000974794,urn:lsid:ipni.org:names:112587-2,91939,species,wfo-4000016055,G.Lodd.,Orchidaceae,NA,NA,NA,Goodyera,NA,tesselata,NA,species,Valid,Bot. Cab. 10: t. 952 (1825),Accepted,NA,NA,NA,"Source in seed data: wcs Updated scientificnameAuthorship from G.Lodd. to Lodd., information provided by Alan E. on email Oct. 12 2020 More details could be found in <a href=http://www.theplantlist.org/tpl1.1/record/kew-91939 >The Plant List v.1.1.</a> O",https://powo.science.kew.org/taxon/urn:lsid:ipni.org:names:112587-2,"World Checklist of Vascular Plants. Facilitated by the Royal Botanic Gardens, Kew.",A,kew-91939,NA,FALSE,NA,NA,NA,Accepted
Habenaria blephariglottis,Platanthera blephariglottis var. blephariglottis,196396,Habenaria  blephariglottis,TRUE,FALSE,FALSE,TRUE,TRUE,FALSE,NA,18,1,wfo-0000274348,urn:lsid:ipni.org:names:77169511-1,157050,variety,wfo-0000274346,NA,Orchidaceae,NA,NA,NA,Platanthera,NA,blephariglottis,blephariglottis,variety,Valid,Unknown,Accepted,NA,NA,NA,"Source in seed data: wcs Updated taxonomicstatus from Accepted to accepted, acceptedNameId from to null, [references] from https://wcvp.science.kew.org/taxon/77169511-1, according to WCVP, information provided by Alan E. on email Dec 02 2020 More details",https://powo.science.kew.org/taxon/urn:lsid:ipni.org:names:77169511-1,"World Checklist of Vascular Plants. Facilitated by the Royal Botanic Gardens, Kew.",A,kew-157050,NA,TRUE,Synonym,wfo-0000977226,Habenaria blephariglottis,NA
Habenaria clavellata,Platanthera clavellata,43423,Habenaria  clavellata,TRUE,FALSE,FALSE,TRUE,TRUE,FALSE,NA,19,1,wfo-0000274386,urn:lsid:ipni.org:names:201638-2,157085,species,wfo-4000030056,(Michx.) Luer,Orchidaceae,NA,NA,NA,Platanthera,NA,clavellata,NA,species,Valid,Native Orchids Florida : 148 (1972),Accepted,NA,wfo-0000259069,NA,"Source in seed data: wcs Update namepublishedIn from Native Orchids Florida 148 1972 to Native Orchids Florida : 148 (1972), information provided by Alan E. on email Jun. 07 2021 More details could be found in <a href=http://www.theplantlist.org/tpl1.1/r",https://powo.science.kew.org/taxon/urn:lsid:ipni.org:names:201638-2,"World Checklist of Vascular Plants. Facilitated by the Royal Botanic Gardens, Kew.",A,kew-157085,NA,TRUE,Synonym,wfo-0000977360,Habenaria clavellata,NA
Habenaria dilatata,Platanthera dilatata,43425,Habenaria  dilatata,TRUE,FALSE,FALSE,TRUE,TRUE,FALSE,NA,20,1,wfo-0000274419,urn:lsid:ipni.org:names:30167398-2,157114,species,wfo-4000030056,(Pursh) Lindl. ex L.C.Beck,Orchidaceae,NA,NA,NA,Platanthera,NA,dilatata,NA,species,Valid,Bot. North. Middle States : 347 (1833),Accepted,NA,wfo-0000259167,NA,"Source in seed data: wcs Updated namepublishedIn from Bot. North. Middle States 347 1833 to Bot. North. Middle States [Beck] 347. 1833 , information provided by Alan E. on email Oct. 12 2020 More details could be found in <a href=http://www.theplantlist.",https://powo.science.kew.org/taxon/urn:lsid:ipni.org:names:651717-1,"World Checklist of Vascular Plants. Facilitated by the Royal Botanic Gardens, Kew.",A,kew-157114,NA,TRUE,Synonym,wfo-0000977498,Habenaria dilatata,NA
Habenaria fimbriata,Platanthera grandiflora,43426,Habenaria  fimbriata,TRUE,FALSE,FALSE,FALSE,TRUE,FALSE,NA,21,2,wfo-0000274471,urn:lsid:ipni.org:names:651760-1,157162,species,wfo-4000030056,(Bigelow) Lindl.,Orchidaceae,NA,NA,NA,Platanthera,NA,grandiflora,NA,species,Valid,Gen. Sp. Orchid. Pl. : 294 (1835),Accepted,NA,wfo-0000259319,NA,"Source in seed data: wcs Updated scientificnameAuthorship from (Bigelow) Lindl. to Lindl., information provided by Alan E. on email Oct. 12 2020 More details could be found in <a href=http://www.theplantlist.org/tpl1.1/record/kew-157162 >The Plant List v",https://powo.science.kew.org/taxon/urn:lsid:ipni.org:names:651760-1,"World Checklist of Vascular Plants. Facilitated by the Royal Botanic Gardens, Kew.",A,kew-157162,NA,TRUE,Synonym,wfo-0000977617,Habenaria fimbriata,smallest ID
Habenaria flava,Platanthera flava,43414,Habenaria  flava,TRUE,FALSE,FALSE,TRUE,TRUE,FALSE,NA,22,1,wfo-0000274445,urn:lsid:ipni.org:names:1045555-2,157138,species,wfo-4000030056,(L.) Lindl.,Orchidaceae,NA,NA,NA,Platanthera,NA,flava,NA,species,Valid,Gen. Sp. Orchid. Pl. : 293 (1835),Accepted,NA,wfo-0000259253,NA,"Source in seed data: wcs Update namepublishedIn from Gen. Sp. Orchid. Pl. 293 1835 to Gen. Sp. Orchid. Pl. : 293 (1835), information provided by Alan E. on email Jun. 07 2021 More details could be found in <a href=http://www.theplantlist.org/tpl1.1/recor",https://powo.science.kew.org/taxon/urn:lsid:ipni.org:names:1045555-2,"World Checklist of Vascular Plants. Facilitated by the Royal Botanic Gardens, Kew.",A,kew-157138,NA,TRUE,Synonym,wfo-0000977630,Habenaria flava,NA
Habenaria lacera,Platanthera lacera,43430,Habenaria  lacera,TRUE,FALSE,FALSE,FALSE,TRUE,FALSE,NA,23,1,wfo-0000274538,urn:lsid:ipni.org:names:651799-1,157224,species,wfo-4000030056,(Michx.) G.Don,Orchidaceae,NA,NA,NA,Platanthera,NA,lacera,NA,species,Valid,"Hort. Brit. , ed. 3: 650 (1839)",Accepted,NA,wfo-0000259466,NA,"Source in seed data: wcs Updated scientificnameAuthorship from (Michx.) G.Don to G.Don, information provided by Alan E. on email Oct. 12 2020 More details could be found in <a href=http://www.theplantlist.org/tpl1.1/record/kew-157224 >The Plant List v.1.",https://powo.science.kew.org/taxon/urn:lsid:ipni.org:names:651799-1,"World Checklist of Vascular Plants. Facilitated by the Royal Botanic Gardens, Kew.",A,kew-157224,NA,TRUE,Synonym,wfo-0000977934,Habenaria lacera,smallest ID
Habenaria orbiculata,Platanthera orbiculata,43435,Habenaria  orbiculata,TRUE,FALSE,FALSE,FALSE,TRUE,FALSE,NA,24,1,wfo-0000274633,urn:lsid:ipni.org:names:30220552-2,157312,species,wfo-4000030056,(Pursh) Lindl.,Orchidaceae,NA,NA,NA,Platanthera,NA,orbiculata,NA,species,Valid,Gen. Sp. Orchid. Pl. : 286 (1835),Accepted,NA,wfo-0000259744,NA,"Source in seed data: wcs Update namepublishedIn from Gen. Sp. Orchid. Pl. 286 1835 to Gen. Sp. Orchid. Pl. : 286 (1835), information provided by Alan E. on email Jun. 07 2021 More details could be found in <a href=http://www.theplantlist.org/tpl1.1/recor",https://powo.science.kew.org/taxon/urn:lsid:ipni.org:names:30220552-2,"World Checklist of Vascular Plants. Facilitated by the Royal Botanic Gardens, Kew.",A,kew-157312,NA,TRUE,Synonym,wfo-0000978294,Habenaria orbiculata,smallest ID
Habenaria psychodes,Platanthera psycodes,504441,Habenaria  psychodes,TRUE,FALSE,FALSE,TRUE,TRUE,TRUE,1,25,1,wfo-0000274662,urn:lsid:ipni.org:names:1009442-2,157339,species,wfo-4000030056,(L.) Lindl.,Orchidaceae,NA,NA,NA,Platanthera,NA,psycodes,NA,species,Valid,Gen. Sp. Orchid. Pl. : 294 (1835),Accepted,NA,wfo-0000259891,NA,"Source in seed data: wcs Updated namepublishedIn from Gen. Sp. Orchid. Pl. 294 1835 to Gen. Sp. Orchid. Pl. 294. 1835 [Sep 1835] , information provided by Alan E. on email Oct. 12 2020 More details could be found in <a href=http://www.theplantlist.org/tp",https://powo.science.kew.org/taxon/urn:lsid:ipni.org:names:651873-1,"World Checklist of Vascular Plants. Facilitated by the Royal Botanic Gardens, Kew.",A,kew-157339,NA,TRUE,Synonym,wfo-0000978474,Habenaria psycodes,NA
Helianthemum canadensis,Crocanthemum canadense,511781,Helianthemum canadensis,FALSE,FALSE,FALSE,TRUE,TRUE,TRUE,2,26,1,wfo-0000626248,urn:lsid:ipni.org:names:69585-2,873181,species,wfo-4000009725,(L.) Britton,Cistaceae,NA,NA,NA,Crocanthemum,NA,canadense,NA,species,Valid,"Ill. Fl. N. U.S. , ed. 2, 2: 540 (1913)",Accepted,NA,wfo-0000607234,NA,"Source in seed data: cmp Updated scientificnameAuthorship from (L.) Britton to Britton, information provided by Alan E. on email Oct. 12 2020 More details could be found in <a href=http://www.theplantlist.org/tpl1.1/record/kew-2742925 >The Plant List v.1",https://powo.science.kew.org/taxon/urn:lsid:ipni.org:names:69585-2,"World Checklist of Vascular Plants. Facilitated by the Royal Botanic Gardens, Kew.",A,kew-2742925,NA,TRUE,Synonym,wfo-0000717348,Helianthemum canadense,NA
Hemerocallis fulva,Hemerocallis fulva,42943,Hemerocallis  fulva,TRUE,FALSE,FALSE,TRUE,TRUE,FALSE,NA,27,1,wfo-0000655134,urn:lsid:ipni.org:names:536335-1,277643,species,wfo-4000017336,(L.) L.,Asphodelaceae,Hemerocallidoideae,NA,NA,Hemerocallis,NA,fulva,NA,species,Valid,Sp. Pl. ed. 2 : 462 (1762),Accepted,NA,wfo-0000770438,NA,"Source in seed data: wcs Update namepublishedIn from Sp. Pl. ed. 2 462 1762 to Sp. Pl. ed. 2 : 462 (1762), information provided by Alan E. on email Jun. 07 2021 More details could be found in <a href=http://www.theplantlist.org/tpl1.1/record/kew-277643 >",http://www.theplantlist.org/tpl1.1/record/kew-277643,The Asphodelaceae TEN,A,kew-277643,NA,FALSE,NA,NA,NA,NA
Hydrocotyl americana,Hydrocotyle americana,29519,Hydrocotyl americana,FALSE,FALSE,FALSE,TRUE,TRUE,TRUE,1,28,1,wfo-0000726327,urn:lsid:ipni.org:names:843379-1,982661,species,wfo-4000018527,L.,Araliaceae,NA,NA,NA,Hydrocotyle,NA,americana,NA,species,Valid,Sp. Pl. : 234 (1753),Accepted,NA,NA,NA,"Source in seed data: cmp Update namepublishedIn from Sp. Pl. 234 1753 to Sp. Pl. : 234 (1753), information provided by Alan E. on email Jun. 07 2021 More details could be found in <a href=http://www.theplantlist.org/tpl1.1/record/kew-2855918 >The Plant L",https://powo.science.kew.org/taxon/urn:lsid:ipni.org:names:843379-1,"World Checklist of Vascular Plants. Facilitated by the Royal Botanic Gardens, Kew.",A,kew-2855918,NA,FALSE,NA,NA,NA,NA
Hypericum elliptium,Hypericum ellipticum,21437,Hypericum elliptium,FALSE,FALSE,FALSE,TRUE,TRUE,TRUE,1,29,1,wfo-0001295683,urn:lsid:ipni.org:names:433397-1,7800007,species,wfo-4000018759,Hook.,Hypericaceae,NA,NA,NA,Hypericum,NA,ellipticum,NA,species,Valid,Fl. Bor.-Amer.  1: 110 (1831),Accepted,NA,NA,NA,"Source in seed data: tro Update namepublishedIn from Fl. Bor.-Amer. 1(3): 110–111 1831 to Fl. Bor.-Amer. 1: 110 (1831), information provided by Alan E. on email Jun. 07 2021 More details could be found in <a href=http://www.theplantlist.org/tpl1.1/reco",https://powo.science.kew.org/taxon/urn:lsid:ipni.org:names:433397-1,"World Checklist of Vascular Plants. Facilitated by the Royal Botanic Gardens, Kew.",A,tro-7800007,NA,FALSE,NA,NA,NA,NA
Ipomea purpurea,Ipomoea purpurea,30789,Ipomea purpurea,FALSE,FALSE,FALSE,TRUE,TRUE,TRUE,1,30,1,wfo-0001296676,urn:lsid:ipni.org:names:30043043-2,8500061,species,wfo-4000019160,(L.) Roth,Convolvulaceae,NA,NA,NA,Ipomoea,NA,purpurea,NA,species,Valid,Bot. Abh. Beobacht. : 27 (1787),Accepted,NA,NA,NA,"Source in seed data: tro Update namepublishedIn from Bot. Abh. Beobacht. 27 1787 to Bot. Abh. Beobacht. : 27 (1787), information provided by Alan E. on email Jun. 07 2021 More details could be found in <a href=http://www.theplantlist.org/tpl1.1/record/tr",http://www.theplantlist.org/tpl1.1/record/tro-8500061,"World Checklist of Vascular Plants. Facilitated by the Royal Botanic Gardens, Kew.",A,tro-8500061,NA,FALSE,NA,NA,NA,NA
Iris pseudoacorus,Iris pseudacorus,43194,Iris pseudoacorus,FALSE,FALSE,FALSE,TRUE,TRUE,TRUE,1,31,1,wfo-0000783754,urn:lsid:ipni.org:names:438992-1,322261,species,wfo-4000019189,L.,Iridaceae,NA,NA,NA,Iris,NA,pseudacorus,NA,species,Valid,Sp. Pl. : 38 (1753),Accepted,NA,NA,NA,"Source in seed data: iplants Update namepublishedIn from Sp. Pl. 1: 38. 1753 [1 May 1753] to Sp. Pl. : 38 (1753), information provided by Alan E. on email Jun. 07 2021 More details could be found in <a href=http://www.theplantlist.org/tpl1.1/record/kew-3",https://powo.science.kew.org/taxon/urn:lsid:ipni.org:names:438992-1,"World Checklist of Vascular Plants. Facilitated by the Royal Botanic Gardens, Kew.",A,kew-322261,NA,FALSE,NA,NA,NA,NA
Krigia viginica,Krigia virginica,37816,Krigia viginica,FALSE,FALSE,FALSE,FALSE,TRUE,TRUE,1,32,1,wfo-0000058650,urn:lsid:ipni.org:names:133939-2,GCC-2CC8A1CA-7B22-40EA-8718-1D2EB8942247,species,wfo-1000043995,(L.) Willd.,Asteraceae,Cichorioideae,Cichorieae,Microseridinae,Krigia,NA,virginica,NA,species,Valid,"Sp. Pl., ed. 4 , 3: 1618 (1803)",Accepted,NA,wfo-0000085994,NA,"Source in seed data: gcc Update namepublishedIn from 1618 1803 to Sp. Pl., ed. 4 , 3: 1618 (1803), information provided by Alan E. on email Jun. 07 2021 More details could be found in <a href=http://www.theplantlist.org/tpl1.1/record/gcc-15758 >The Plant",https://cichorieae.e-taxonomy.net/portal/cdm_dataportal/taxon/20b2ac67-295e-4e2c-a344-bb3a0b16d814,The Asteraceaae TEN,A,gcc-15758,NA,FALSE,NA,NA,NA,Not a synonym
Lamium amplexicaulis,Lamium amplexicaule,32539,Lamium amplexicaulis,FALSE,FALSE,FALSE,TRUE,TRUE,TRUE,2,33,1,wfo-0000222440,urn:lsid:ipni.org:names:448797-1,107386,species,wfo-4000020496,L.,Lamiaceae,NA,NA,NA,Lamium,NA,amplexicaule,NA,species,Valid,Sp. Pl. : 579 (1753),Accepted,NA,NA,NA,"Source in seed data: wcs Update namepublishedIn from Sp. Pl. 579 1753 to Sp. Pl. : 579 (1753), information provided by Alan E. on email Jun. 07 2021 More details could be found in <a href=http://www.theplantlist.org/tpl1.1/record/kew-107386 >The Plant Li",https://powo.science.kew.org/taxon/urn:lsid:ipni.org:names:448797-1,"World Checklist of Vascular Plants. Facilitated by the Royal Botanic Gardens, Kew.",A,kew-107386,NA,FALSE,NA,NA,NA,NA
Leontodon autumalis,Leontodon autumnalis,37883,Leontodon autumalis,FALSE,FALSE,FALSE,FALSE,TRUE,TRUE,1,34,1,wfo-0000022256,urn:lsid:ipni.org:names:243480-1,GCC-7C5AD615-6F2C-427D-9C9C-C9F69D0F5EA0,species,wfo-4000034833,(L.) Moench,Asteraceae,Cichorioideae,Cichorieae,Hypochaeridinae,Scorzoneroides,NA,autumnalis,NA,species,Valid,Methodus : 549 (1794),Accepted,NA,wfo-0000024940,NA,"Source in seed data: gcc Update namepublishedIn from Methodus (Moench) 549. 1794 [4 May 1794] to Methodus : 549 (1794), information provided by Alan E. on email Jun. 07 2021 More details could be found in <a href=http://www.theplantlist.org/tpl1.1/record",https://cichorieae.e-taxonomy.net/portal/cdm_dataportal/taxon/0c17975e-14d9-432b-846a-9f290c1a88fe,The Asteraceaae TEN,A,gcc-121516,NA,TRUE,Synonym,wfo-0000010339,Leontodon autumnalis,smallest ID
Lespedza capitata,Lespedeza capitata,25897,Lespedza capitata,FALSE,FALSE,FALSE,TRUE,TRUE,TRUE,1,35,1,wfo-0000164446,urn:lsid:ipni.org:names:138638-2,10876,species,wfo-4000021455,Michx.,Fabaceae,Papilionoideae,NA,NA,Lespedeza,NA,capitata,NA,species,Valid,Fl. Bor.-Amer. 2: 71 (1803),Accepted,NA,NA,NA,"Source in seed data: ildis Updated namepublishedIn from to Fl. Bor.-Amer. (Michaux) 2: 71. 1803 [19 Mar 1803] , information provided by Alan E. on email Oct. 12 2020 More details could be found in <a href=http://www.theplantlist.org/tpl1.1/record/ild-108",https://www.legumedata.org/taxonomy/taxon/2345956,The Fabaceae TEN - Legume Taxonomy Working Group,A,ild-10876,NA,FALSE,NA,NA,NA,NA
Lespedza hirta,Lespedeza hirta,25900,Lespedza hirta,FALSE,FALSE,FALSE,FALSE,TRUE,TRUE,1,36,2,wfo-0000173701,urn:lsid:ipni.org:names:30017567-2,19840,species,wfo-4000021455,(L.) Hornem.,Fabaceae,Papilionoideae,NA,NA,Lespedeza,NA,hirta,NA,species,Valid,Hort. Bot. Hafn. 2: 699 (1815),Accepted,NA,wfo-0000175969,NA,"Source in seed data: ildis Updated taxonomicstatus from Accepted to accepted, acceptedNameId from to null, [references] from http://www.theplantlist.org/tpl1.1/record/ild-19840, according to WCVP, information provided by Alan E. on email Dec 02 2020 More",https://www.legumedata.org/taxonomy/taxon/2345641,The Fabaceae TEN - Legume Taxonomy Working Group,A,ild-19840,NA,FALSE,NA,NA,NA,Accepted
Lespedza intermedia,Lespedeza violacea,25914,Lespedza intermedia,FALSE,FALSE,FALSE,FALSE,TRUE,TRUE,1,37,1,wfo-0000173705,urn:lsid:ipni.org:names:30033602-2,19844,species,wfo-4000021455,(L.) Pers.,Fabaceae,Papilionoideae,NA,NA,Lespedeza,NA,violacea,NA,species,Valid,Syn. Pl. 2: 318 (1807),Accepted,NA,wfo-0000175980,NA,"Source in seed data: ildis Updated scientificnameAuthorship from Pers. to (L.) Pers., information provided by Alan E. on email Oct. 12 2020 More details could be found in <a href=http://www.theplantlist.org/tpl1.1/record/ild-19844 >The Plant List v.1.1.<",https://www.legumedata.org/taxonomy/taxon/2345671,The Fabaceae TEN - Legume Taxonomy Working Group,A,ild-19844,NA,TRUE,Synonym,wfo-0000164448,Lespedeza intermedia,smallest ID
Lespedza virginica,Lespedeza virginica,25915,Lespedza virginica,FALSE,FALSE,FALSE,TRUE,TRUE,TRUE,1,38,1,wfo-0000164452,urn:lsid:ipni.org:names:138683-2,10881,species,wfo-4000021455,(L.) Britton,Fabaceae,Papilionoideae,NA,NA,Lespedeza,NA,virginica,NA,species,Valid,Trans. New York Acad. Sci. 12: 64 (1893),Accepted,NA,wfo-0000166795,NA,"Source in seed data: ildis Update namepublishedIn from to Trans. New York Acad. Sci. 12: 64 (1893), information provided by Alan E. on email Jun. 07 2021 More details could be found in <a href=http://www.theplantlist.org/tpl1.1/record/ild-10881 >The Plan",https://www.legumedata.org/taxonomy/taxon/2345709,The Fabaceae TEN - Legume Taxonomy Working Group,A,ild-10881,NA,FALSE,NA,NA,NA,NA
Lilium philadelphium,Lilium philadelphicum,503459,Lilium philadelphium,FALSE,FALSE,FALSE,TRUE,TRUE,TRUE,1,39,1,wfo-0000677468,urn:lsid:ipni.org:names:537725-1,279881,species,wfo-4000021746,L.,Liliaceae,NA,NA,NA,Lilium,NA,philadelphicum,NA,species,Valid,"Sp. Pl., ed. 2. : 435 (1762)",Accepted,NA,NA,NA,"Source in seed data: wcs Update namepublishedIn from Sp. Pl. ed. 2 435 1762 to Sp. Pl. ed. 2 : 435 (1762), information provided by Alan E. on email Jun. 07 2021 More details could be found in <a href=http://www.theplantlist.org/tpl1.1/record/kew-279881 >",https://powo.science.kew.org/taxon/urn:lsid:ipni.org:names:537725-1,"World Checklist of Vascular Plants. Facilitated by the Royal Botanic Gardens, Kew.",A,kew-279881,NA,FALSE,NA,NA,NA,NA
Lilium tigrum,Fritillaria camschatcensis,502671,Lilium tigrum,FALSE,FALSE,FALSE,TRUE,TRUE,TRUE,1,40,1,wfo-0000767712,urn:lsid:ipni.org:names:535082-1,306541,species,wfo-4000015067,(L.) Ker Gawl.,Liliaceae,NA,NA,NA,Fritillaria,NA,camschatcensis,NA,species,Valid,Bot. Mag.  30: t. 1216 (1809),Accepted,NA,wfo-0000684834,NA,"Source in seed data: wcs Updated scientificnameAuthorship from (L.) Ker Gawl. to Ker Gawl., information provided by Alan E. on email Oct. 12 2020 More details could be found in <a href=http://www.theplantlist.org/tpl1.1/record/kew-306541 >The Plant List",https://powo.science.kew.org/taxon/urn:lsid:ipni.org:names:535082-1,"World Checklist of Vascular Plants. Facilitated by the Royal Botanic Gardens, Kew.",A,kew-306541,NA,TRUE,Synonym,wfo-0000679128,Lilium nigrum,NA
Lonicera semperviens,Lonicera sempervirens,35303,Lonicera semperviens,FALSE,FALSE,FALSE,TRUE,TRUE,TRUE,1,41,1,wfo-0001290705,urn:lsid:ipni.org:names:30080890-2,6000257,species,wfo-4000022170,L.,Caprifoliaceae,NA,NA,NA,Lonicera,NA,sempervirens,NA,species,Valid,Sp. Pl. : 173 (1753),Accepted,NA,NA,NA,"Source in seed data: tro Update namepublishedIn from Sp. Pl. 1: 173 1753 to Sp. Pl. : 173 (1753), information provided by Alan E. on email Jun. 07 2021 More details could be found in <a href=http://www.theplantlist.org/tpl1.1/record/tro-6000257 >The Plan",http://www.theplantlist.org/tpl1.1/record/tro-6000257,The Dipsacales TEN,A,tro-6000257,NA,FALSE,NA,NA,NA,NA
Lonicera tartarica,Lonicera tatarica,35306,Lonicera tartarica,FALSE,FALSE,FALSE,TRUE,TRUE,TRUE,1,42,1,wfo-0000360195,urn:lsid:ipni.org:names:149131-1,480276,species,wfo-4000022170,L.,Caprifoliaceae,NA,NA,NA,Lonicera,NA,tatarica,NA,species,Valid,Sp. Pl. : 173 (1753),Accepted,NA,NA,NA,"Source in seed data: cmp Update namepublishedIn from Sp. Pl. 173 1753 to Sp. Pl. : 173 (1753), information provided by Alan E. on email Jun. 07 2021 More details could be found in <a href=http://www.theplantlist.org/tpl1.1/record/kew-2340703 >The Plant L",http://www.theplantlist.org/tpl1.1/record/kew-2340703,The Dipsacales TEN,A,kew-2340703,NA,FALSE,NA,NA,NA,NA
Lotus corniculatus,Lotus corniculatus,26362,Lotus  corniculatus,TRUE,FALSE,FALSE,TRUE,TRUE,FALSE,NA,43,1,wfo-0000212180,urn:lsid:ipni.org:names:30179739-2,7260,species,wfo-4000022302,L.,Fabaceae,Papilionoideae,NA,NA,Lotus,NA,corniculatus,NA,species,Valid,Sp. Pl. : 775 (1753),Accepted,NA,NA,NA,"Source in seed data: ildis Update namepublishedIn from to Sp. Pl. : 775 (1753), information provided by Alan E. on email Jun. 07 2021 More details could be found in <a href=http://www.theplantlist.org/tpl1.1/record/ild-7260 >The Plant List v.1.1.</a> Ori",https://www.legumedata.org/taxonomy/taxon/2345329,The Fabaceae TEN - Legume Taxonomy Working Group,A,ild-7260,NA,FALSE,NA,NA,NA,NA
Lysimachia thrysiflora,Lysimachia thyrsiflora,24000,Lysimachia thrysiflora,FALSE,FALSE,FALSE,FALSE,TRUE,TRUE,2,44,1,wfo-0000442400,urn:lsid:ipni.org:names:148161-2,628948,species,wfo-4000022565,L.,Primulaceae,NA,NA,NA,Lysimachia,NA,thyrsiflora,NA,species,Valid,Sp. Pl. : 147 (1753),Accepted,NA,NA,NA,"Source in seed data: cmp Update namepublishedIn from Sp. Pl. 147 1753 to Sp. Pl. : 147 (1753), information provided by Alan E. on email Jun. 07 2021 More details could be found in <a href=http://www.theplantlist.org/tpl1.1/record/kew-2492247 >The Plant L",https://powo.science.kew.org/taxon/urn:lsid:ipni.org:names:148161-2,"World Checklist of Vascular Plants. Facilitated by the Royal Botanic Gardens, Kew.",A,kew-2492247,NA,FALSE,NA,NA,NA,Accepted
Matricaria matricariodes,Matricaria matricarioides,38077,Matricaria matricariodes,FALSE,FALSE,FALSE,TRUE,TRUE,TRUE,1,45,1,wfo-0000001305,urn:lsid:ipni.org:names:154728-2,GCC-7B3D4600-5858-40DF-BAC4-9C667F85E05A,species,wfo-4000023328,(Less.) Porter,Asteraceae,Asteroideae,Anthemideae,NA,Matricaria,NA,matricarioides,NA,species,Valid,Mem. Torrey Bot. Club 5: 341 (1894),Accepted,NA,wfo-0000138100,NA,"Source in seed data: gcc Updated scientificnameAuthorship from (Less.) Porter ex Britton to (Less.) Porter, information provided by Alan E. on email Oct. 12 2020 More details could be found in <a href=http://www.theplantlist.org/tpl1.1/record/gcc-101252",https://www.compositae.org/gcd/aphia.php?p=taxdetails&id=1102786,The Asteraceaae TEN,A,gcc-101252,NA,FALSE,NA,NA,NA,NA
Nuphar microphyllum,Nuphar microphylla,517574,Nuphar microphyllum,FALSE,FALSE,FALSE,TRUE,TRUE,TRUE,2,46,1,wfo-0001086843,urn:lsid:ipni.org:names:171086-2,22600002,species,wfo-4000026383,Fernald,Nymphaeaceae,NA,NA,NA,Nuphar,NA,microphylla,NA,species,Valid,Rhodora  19: 111 (1917),Accepted,NA,wfo-0001086917,NA,"Source in seed data: tro Updated scientificnameAuthorship from (Pers.) Fernald to Fernald, information provided by Alan E. on email Oct. 12 2020 More details could be found in <a href=http://www.theplantlist.org/tpl1.1/record/tro-22600002 >The Plant List",https://powo.science.kew.org/taxon/urn:lsid:ipni.org:names:171086-2,"World Checklist of Vascular Plants. Facilitated by the Royal Botanic Gardens, Kew.",A,tro-22600002,NA,FALSE,NA,NA,NA,NA
Nuphar variegatum,Nuphar variegata,517583,Nuphar variegatum,FALSE,FALSE,FALSE,TRUE,TRUE,TRUE,2,47,1,wfo-0001086877,urn:lsid:ipni.org:names:1117161-2,22600101,species,wfo-4000026383,Engelm. ex Durand,Nymphaeaceae,NA,NA,NA,Nuphar,NA,variegata,NA,species,Valid,Rep. (Annual) Regents Univ. State New York State Cab. Nat. Hist.  19: 73 (1866),Accepted,NA,NA,NA,"Source in seed data: tro Update namepublishedIn from Rep. (Annual) Regents Univ. State New York State Cab. Nat. Hist. 19: 73. 1866 to Rep. (Annual) Regents Univ. State New York State Cab. Nat. Hist. 19: 73 (1866), information provided by Alan E. on email",https://powo.science.kew.org/taxon/urn:lsid:ipni.org:names:1117161-2,"World Checklist of Vascular Plants. Facilitated by the Royal Botanic Gardens, Kew.",A,tro-22600101,NA,FALSE,NA,NA,NA,NA
Parietaria pensylvania,Parietaria pensylvanica,19169,Parietaria pensylvania,FALSE,FALSE,FALSE,TRUE,TRUE,TRUE,1,48,1,wfo-0000473229,urn:lsid:ipni.org:names:183216-2,682252,species,wfo-4000028202,Muhl. ex Willd.,Urticaceae,NA,NA,NA,Parietaria,NA,pensylvanica,NA,species,Valid,"Sp. Pl., ed. 4 , 4: 955 (1806)",Accepted,NA,NA,NA,"Source in seed data: cmp Update namepublishedIn from Sp. Pl. 4: 955 1806 to Sp. Pl., ed. 4 , 4: 955 (1806), information provided by Alan E. on email Jun. 07 2021 More details could be found in <a href=http://www.theplantlist.org/tpl1.1/record/kew-2546420",https://powo.science.kew.org/taxon/urn:lsid:ipni.org:names:183216-2,"World Checklist of Vascular Plants. Facilitated by the Royal Botanic Gardens, Kew.",A,kew-2546420,NA,FALSE,NA,NA,NA,NA
Peltandra virginiana,Peltandra virginica,42534,Peltandra virginiana,FALSE,FALSE,FALSE,FALSE,TRUE,TRUE,2,49,1,wfo-0000266706,urn:lsid:ipni.org:names:30050019-2,149727,species,wfo-4000028490,(L.) Schott,Araceae,NA,NA,NA,Peltandra,NA,virginica,NA,species,Valid,Melet. Bot. : 19 (1832),Accepted,NA,wfo-0000281818,NA,"Source in seed data: wcs Updated scientificnameAuthorship from (L.) Schott to (L.) Raf. ex Schott, information provided by Alan E. on email Oct. 12 2020 More details could be found in <a href=http://www.theplantlist.org/tpl1.1/record/kew-149727 >The Plan",https://powo.science.kew.org/taxon/urn:lsid:ipni.org:names:87608-1,"World Checklist of Vascular Plants. Facilitated by the Royal Botanic Gardens, Kew.",A,kew-149727,NA,FALSE,NA,NA,NA,Accepted
Plantago rugelli,Plantago rugelii,504439,Plantago rugelli,FALSE,FALSE,FALSE,TRUE,TRUE,TRUE,1,50,1,wfo-0001094845,urn:lsid:ipni.org:names:685608-1,25200065,species,wfo-4000030044,Decne.,Plantaginaceae,NA,NA,NA,Plantago,NA,rugelii,NA,species,Valid,Prodr. 13(1): 700 (1852),Accepted,NA,NA,NA,"Source in seed data: tro Update namepublishedIn from Prodr. 13(1): 700 1852 to Prodr. 13(1): 700 (1852), information provided by Alan E. on email Jun. 07 2021 More details could be found in <a href=http://www.theplantlist.org/tpl1.1/record/tro-25200065 >",https://powo.science.kew.org/taxon/urn:lsid:ipni.org:names:685608-1,"World Checklist of Vascular Plants. Facilitated by the Royal Botanic Gardens, Kew.",A,tro-25200065,NA,FALSE,NA,NA,NA,NA
Pogonia ophioglossiodes,Pogonia ophioglossoides,43441,Pogonia  ophioglossiodes,TRUE,FALSE,FALSE,TRUE,TRUE,TRUE,2,51,1,wfo-0000279548,urn:lsid:ipni.org:names:1089332-2,161992,species,wfo-4000030573,(L.) Ker Gawl.,Orchidaceae,NA,NA,NA,Pogonia,NA,ophioglossoides,NA,species,Valid,Bot. Reg. 2: t. 148 (1816),Accepted,NA,wfo-0000264040,NA,"Source in seed data: wcs Update namepublishedIn from Bot. Reg. 2: t. 148 1816 to Bot. Reg. 2: t. 148 (1816), information provided by Alan E. on email Jun. 07 2021 More details could be found in <a href=http://www.theplantlist.org/tpl1.1/record/kew-161992",https://powo.science.kew.org/taxon/urn:lsid:ipni.org:names:1089332-2,"World Checklist of Vascular Plants. Facilitated by the Royal Botanic Gardens, Kew.",A,kew-161992,NA,FALSE,NA,NA,NA,NA
Polygala pauciflora,Polygala paucifolia,29306,Polygala pauciflora,FALSE,FALSE,FALSE,FALSE,TRUE,FALSE,NA,52,2,wfo-0001100533,urn:lsid:ipni.org:names:690883-1,25900824,species,wfo-4000024988,DC.,Polygalaceae,NA,NA,NA,Muraltia,NA,pauciflora,NA,species,Valid,Prodr. 1: 337 (1824),Accepted,NA,NA,NA,"Source in seed data: tro Updated scientificnameAuthorship from (Thunb.) DC. to DC., information provided by Alan E. on email Oct. 12 2020 More details could be found in <a href=http://www.theplantlist.org/tpl1.1/record/tro-25900824 >The Plant List v.1.1.",http://www.theplantlist.org/tpl1.1/record/tro-25900824,"World Checklist of Vascular Plants. Facilitated by the Royal Botanic Gardens, Kew.",A,tro-25900824,NA,TRUE,Synonym,wfo-0000477359,Polygala pauciflora,Accepted
Polygonum caryeyi,Polygonum careyi,20851,Polygonum caryeyi,FALSE,FALSE,FALSE,TRUE,TRUE,TRUE,1,53,1,wfo-0000489752,urn:lsid:ipni.org:names:695525-1,708791,species,wfo-4000030745,Olney,Polygonaceae,NA,NA,NA,Polygonum,NA,careyi,NA,species,Valid,Proc. Providence Franklin Soc. 1: 29 (1847),Accepted,NA,NA,NA,"Source in seed data: cmp Update namepublishedIn from Proc. Providence Franklin Soc. 1: 29 1847 to Proc. Providence Franklin Soc. 1: 29 (1847), information provided by Alan E. on email Jun. 07 2021 More details could be found in <a href=http://www.theplan",http://www.theplantlist.org/tpl1.1/record/kew-2574819,The Caryophyllales TEN -The Caryophyllales Network,A,kew-2574819,NA,FALSE,NA,NA,NA,NA
Raphanus raphanistrum,Raphanus raphanistrum,23289,Raphanus  raphanistrum,TRUE,FALSE,FALSE,TRUE,TRUE,FALSE,NA,54,1,wfo-0000402425,urn:lsid:ipni.org:names:217826-2,560470,species,wfo-4000032557,L.,Brassicaceae,NA,NA,NA,Raphanus,NA,raphanistrum,NA,species,Valid,Sp. Pl. : 669 (1753),Accepted,NA,NA,NA,"Source in seed data: cmp Update namepublishedIn from Sp. Pl. 669 1753 to Sp. Pl. : 669 (1753), information provided by Alan E. on email Jun. 07 2021 More details could be found in <a href=http://www.theplantlist.org/tpl1.1/record/kew-2422367 >The Plant L",http://www.theplantlist.org/tpl1.1/record/kew-2422367,"World Checklist of Vascular Plants. Facilitated by the Royal Botanic Gardens, Kew.",A,kew-2422367,NA,FALSE,NA,NA,NA,NA
Rhamnus fragularia,Rhamnus fragularia,28579,Rhamnus fragularia,FALSE,FALSE,FALSE,TRUE,FALSE,FALSE,NA,55,1,NA,NA,NA,NA,NA,NA,NA,NA,NA,NA,NA,NA,NA,NA,NA,NA,NA,NA,NA,NA,NA,NA,NA,NA,NA,NA,NA,FALSE,NA,NA,NA,NA
Roripa islandica,Rorippa islandica,22992,Roripa islandica,FALSE,FALSE,FALSE,TRUE,TRUE,TRUE,1,56,1,wfo-0000399609,urn:lsid:ipni.org:names:288759-1,555491,species,wfo-4000033475,(Oeder) Borbás,Brassicaceae,NA,NA,NA,Rorippa,NA,islandica,NA,species,Valid,Balaton Fl. : 392 (1900),Accepted,NA,wfo-0000431926,NA,"Source in seed data: cmp Update namepublishedIn from Balaton Fl. 392 1900 to Balaton Fl. : 392 (1900), information provided by Alan E. on email Jun. 07 2021 More details could be found in <a href=http://www.theplantlist.org/tpl1.1/record/kew-2417297 >The",http://www.theplantlist.org/tpl1.1/record/kew-2417297,"World Checklist of Vascular Plants. Facilitated by the Royal Botanic Gardens, Kew.",A,kew-2417297,NA,FALSE,NA,NA,NA,NA
Scutellaria laterifolia,Scutellaria laterifolia,32765,Scutellaria laterifolia,FALSE,FALSE,FALSE,TRUE,FALSE,FALSE,NA,57,1,NA,NA,NA,NA,NA,NA,NA,NA,NA,NA,NA,NA,NA,NA,NA,NA,NA,NA,NA,NA,NA,NA,NA,NA,NA,NA,NA,FALSE,NA,NA,NA,NA
Sedum telephiodes,Hylotelephium telephioides,565232,Sedum telephiodes,FALSE,FALSE,FALSE,TRUE,TRUE,TRUE,1,58,1,wfo-0001299718,urn:lsid:ipni.org:names:274225-1,8901295,species,wfo-4000018627,(Michx.) H.Ohba,Crassulaceae,NA,NA,NA,Hylotelephium,NA,telephioides,NA,species,Valid,Bot. Mag. (Tokyo) 90: 53 (1977),Accepted,NA,NA,NA,"Source in seed data: tro Update namepublishedIn from Bot. Mag. (Tokyo) 90(1017): 53. 1977 to Bot. Mag. (Tokyo) 90: 53 (1977), information provided by Alan E. on email Jun. 07 2021 More details could be found in <a href=http://www.theplantlist.org/tpl1.1/",http://www.theplantlist.org/tpl1.1/record/tro-8901295,"World Checklist of Vascular Plants. Facilitated by the Royal Botanic Gardens, Kew.",A,tro-8901295,NA,TRUE,Synonym,wfo-0001299806,Sedum telephioides,NA
Sium sauve,Sium suave,29558,Sium sauve,FALSE,FALSE,FALSE,TRUE,TRUE,TRUE,2,59,1,wfo-0000431479,urn:lsid:ipni.org:names:849061-1,610793,species,wfo-4000035568,Walter,Apiaceae,NA,NA,NA,Sium,NA,suave,NA,species,Valid,Fl. Carol. : 115 (1788),Accepted,NA,NA,NA,"Source in seed data: cmp Update namepublishedIn from Fl. Carol. 115 1788 to Fl. Carol. : 115 (1788), information provided by Alan E. on email Jun. 07 2021 More details could be found in <a href=http://www.theplantlist.org/tpl1.1/record/kew-2473874 >The P",http://www.theplantlist.org/tpl1.1/record/kew-2473874,"World Checklist of Vascular Plants. Facilitated by the Royal Botanic Gardens, Kew.",A,kew-2473874,NA,FALSE,NA,NA,NA,NA
Sparganium androcladium,Sparganium androcladum,42320,Sparganium androcladium,FALSE,FALSE,FALSE,TRUE,TRUE,TRUE,1,60,1,wfo-0000553776,urn:lsid:ipni.org:names:241068-2,266016,species,wfo-4000035857,(Engelm.) Morong,Typhaceae,NA,NA,NA,Sparganium,NA,androcladum,NA,species,Valid,Bull. Torrey Bot. Club  15: 78 (1888),Accepted,NA,wfo-0000554139,NA,"Source in seed data: wcs Updated scientificnameAuthorship from (Engelm.) Morong to Morong, information provided by Alan E. on email Oct. 12 2020 More details could be found in <a href=http://www.theplantlist.org/tpl1.1/record/kew-266016 >The Plant List v",https://powo.science.kew.org/taxon/urn:lsid:ipni.org:names:241068-2,"World Checklist of Vascular Plants. Facilitated by the Royal Botanic Gardens, Kew.",A,kew-266016,NA,FALSE,NA,NA,NA,NA
Thallictrum dasycarpum,Thalictrum dasycarpum,18667,Thallictrum dasycarpum,FALSE,FALSE,FALSE,TRUE,TRUE,TRUE,1,61,1,wfo-0000453968,urn:lsid:ipni.org:names:714364-1,648806,species,wfo-4000038055,"Fisch., C.A.Mey. & Avé-Lall.",Ranunculaceae,NA,NA,NA,Thalictrum,NA,dasycarpum,NA,species,Valid,"Index Seminum (LE, Petropolitanus) 8: 72 (1842)",Accepted,NA,NA,NA,"Source in seed data: cmp Update namepublishedIn from Index Seminum (LE) 8: 72 1842 to Index Seminum (LE, Petropolitanus) 8: 72 (1842), information provided by Alan E. on email Jun. 07 2021 More details could be found in <a href=http://www.theplantlist.or",http://www.theplantlist.org/tpl1.1/record/kew-2512534,"World Checklist of Vascular Plants. Facilitated by the Royal Botanic Gardens, Kew.",A,kew-2512534,NA,FALSE,NA,NA,NA,NA
Thallictrum dioicum,Thalictrum dioicum,18669,Thallictrum dioicum,FALSE,FALSE,FALSE,TRUE,TRUE,TRUE,1,62,1,wfo-0001129464,urn:lsid:ipni.org:names:714379-1,27100843,species,wfo-4000038055,L.,Ranunculaceae,NA,NA,NA,Thalictrum,NA,dioicum,NA,species,Valid,Sp. Pl. : 545 (1753),Accepted,NA,NA,NA,"Source in seed data: tro Update namepublishedIn from Sp. Pl. 1: 545–546 1753 to Sp. Pl. : 545 (1753), information provided by Alan E. on email Jun. 07 2021 More details could be found in <a href=http://www.theplantlist.org/tpl1.1/record/tro-27100843 >T",http://www.theplantlist.org/tpl1.1/record/tro-27100843,"World Checklist of Vascular Plants. Facilitated by the Royal Botanic Gardens, Kew.",A,tro-27100843,NA,FALSE,NA,NA,NA,NA
Thallictrum polygamum,Thalictrum pubescens,18678,Thallictrum polygamum,FALSE,FALSE,FALSE,TRUE,TRUE,TRUE,1,63,1,wfo-0001129471,urn:lsid:ipni.org:names:714782-1,27100851,species,wfo-4000038055,Pursh,Ranunculaceae,NA,NA,NA,Thalictrum,NA,pubescens,NA,species,Valid,Fl. Amer. Sept. 2: 388 (1813),Accepted,NA,NA,NA,"Source in seed data: tro Update namepublishedIn from Fl. Amer. Sept. 2: 388–389 1814 to Fl. Amer. Sept. 2: 388 (1813), information provided by Alan E. on email Jun. 07 2021 More details could be found in <a href=http://www.theplantlist.org/tpl1.1/recor",https://powo.science.kew.org/taxon/urn:lsid:ipni.org:names:714782-1,"World Checklist of Vascular Plants. Facilitated by the Royal Botanic Gardens, Kew.",A,tro-27100851,NA,TRUE,Synonym,wfo-0001129744,Thalictrum polygamum,NA
Trillium grandiflorum,Trillium grandiflorum,43074,Trillium  grandiflorum,TRUE,FALSE,FALSE,TRUE,TRUE,FALSE,NA,64,1,wfo-0000751101,urn:lsid:ipni.org:names:542553-1,290665,species,wfo-4000039193,(Michx.) Salisb.,Melanthiaceae,NA,NA,NA,Trillium,NA,grandiflorum,NA,species,Valid,Parad. Lond. 1: t. 1 (1805),Accepted,NA,wfo-0000753404,NA,"Source in seed data: wcs Update namepublishedIn from Parad. Lond. t. 1 1805 to Parad. Lond. 1: t. 1 (1805), information provided by Alan E. on email Jun. 07 2021 More details could be found in <a href=http://www.theplantlist.org/tpl1.1/record/kew-290665",https://powo.science.kew.org/taxon/urn:lsid:ipni.org:names:542553-1,"World Checklist of Vascular Plants. Facilitated by the Royal Botanic Gardens, Kew.",A,kew-290665,NA,FALSE,NA,NA,NA,NA
Triostemum aurantiacum,Triosteum aurantiacum,505596,Triostemum aurantiacum,FALSE,FALSE,FALSE,TRUE,TRUE,TRUE,1,65,1,wfo-0001290748,urn:lsid:ipni.org:names:258558-2,6000332,species,wfo-4000039244,E.P.Bicknell,Caprifoliaceae,NA,NA,NA,Triosteum,NA,aurantiacum,NA,species,Valid,Torreya 1: 26 (1901),Accepted,NA,NA,NA,"Source in seed data: tro Update namepublishedIn from Torreya 1(3): 26–28 1901 to Torreya 1: 26 (1901), information provided by Alan E. on email Jun. 07 2021 More details could be found in <a href=http://www.theplantlist.org/tpl1.1/record/tro-6000332 >T",http://www.theplantlist.org/tpl1.1/record/tro-6000332,The Dipsacales TEN,A,tro-6000332,NA,FALSE,NA,NA,NA,NA
Uvularia sessifolia,Uvularia sessilifolia,43112,Uvularia sessifolia,FALSE,FALSE,FALSE,TRUE,TRUE,TRUE,2,66,1,wfo-0000751338,urn:lsid:ipni.org:names:543416-1,290892,species,wfo-4000039919,L.,Colchicaceae,NA,NA,NA,Uvularia,NA,sessilifolia,NA,species,Valid,Sp. Pl. : 304 (1753),Accepted,NA,NA,NA,"Source in seed data: wcs Update namepublishedIn from Sp. Pl. 304 1753 to Sp. Pl. : 304 (1753), information provided by Alan E. on email Jun. 07 2021 More details could be found in <a href=http://www.theplantlist.org/tpl1.1/record/kew-290892 >The Plant Li",https://powo.science.kew.org/taxon/urn:lsid:ipni.org:names:543416-1,"World Checklist of Vascular Plants. Facilitated by the Royal Botanic Gardens, Kew.",A,kew-290892,NA,FALSE,NA,NA,NA,NA
Veronica chaemaedrys,Veronica chamaedrys,33414,Veronica chaemaedrys,FALSE,FALSE,FALSE,TRUE,TRUE,TRUE,1,67,2,wfo-0000419437,urn:lsid:ipni.org:names:811804-1,591164,species,wfo-4000040171,L.,Plantaginaceae,NA,NA,NA,Veronica,NA,chamaedrys,NA,species,Valid,Sp. Pl. : 13 (1753),Accepted,NA,NA,NA,"Source in seed data: cmp Update namepublishedIn from Sp. Pl. 1: 13. 1753 [1 May 1753] to Sp. Pl. : 13 (1753), information provided by Alan E. on email Jun. 07 2021 More details could be found in <a href=http://www.theplantlist.org/tpl1.1/record/kew-24536",https://powo.science.kew.org/taxon/urn:lsid:ipni.org:names:811804-1,"World Checklist of Vascular Plants. Facilitated by the Royal Botanic Gardens, Kew.",A,kew-2453651,NA,FALSE,NA,NA,NA,NA
Aronia,Aronia,25125,Aronia sp.,FALSE,FALSE,FALSE,FALSE,TRUE,FALSE,NA,68,1,wfo-4000003109,urn:lsid:ipni.org:names:331370-2,40019834,genus,wfo-7000000532,Medik.,Rosaceae,NA,NA,NA,Aronia,NA,NA,NA,genus,Conserved,Philos. Bot.  1: 155 (1789),Accepted,NA,NA,NA,"Source in seed data: TPL1.1 Update namepublishedIn from Philos. Bot. 1: 140, 155. 1789. to Philos. Bot. 1: 155 (1789), information provided by Alan E. on email Jun. 07 2021 More details could be found in <a href=http://www.theplantlist.org/1.1/browse/A/R",https://powo.science.kew.org/taxon/urn:lsid:ipni.org:names:331370-2,"World Checklist of Vascular Plants. Facilitated by the Royal Botanic Gardens, Kew.",A,NA,NA,FALSE,NA,NA,NA,Not a synonym
Populus grandidentata,Populus grandidentata,22463,Populus  grandidentata,TRUE,FALSE,FALSE,TRUE,TRUE,FALSE,NA,69,1,wfo-0000928328,urn:lsid:ipni.org:names:208297-2,1032087,species,wfo-4000030925,Michx.,Salicaceae,NA,NA,NA,Populus,NA,grandidentata,NA,species,Valid,Fl. Bor.-Amer. 2: 243 (1803),Accepted,NA,NA,NA,"Source in seed data: cmp Update namepublishedIn from Fl. Bor.-Amer. (Michaux) 2: 243. 1803 [19 Mar 1803] to Fl. Bor.-Amer. 2: 243 (1803), information provided by Alan E. on email Jun. 07 2021 More details could be found in <a href=http://www.theplantlist",http://www.theplantlist.org/tpl1.1/record/kew-5000420,"World Checklist of Vascular Plants. Facilitated by the Royal Botanic Gardens, Kew.",A,kew-5000420,NA,FALSE,NA,NA,NA,NA
Populus tremuloides,Populus tremuloides,195773,Populus  tremuloides,TRUE,FALSE,FALSE,TRUE,TRUE,FALSE,NA,70,1,wfo-0000928260,urn:lsid:ipni.org:names:208337-2,1031961,species,wfo-4000030925,Michx.,Salicaceae,NA,NA,NA,Populus,NA,tremuloides,NA,species,Valid,Fl. Bor.-Amer. 2: 243 (1803),Accepted,NA,NA,NA,"Source in seed data: cmp Update namepublishedIn from Fl. Bor.-Amer. 2: 243 1803 to Fl. Bor.-Amer. 2: 243 (1803), information provided by Alan E. on email Jun. 07 2021 More details could be found in <a href=http://www.theplantlist.org/tpl1.1/record/kew-50",http://www.theplantlist.org/tpl1.1/record/kew-5000290,"World Checklist of Vascular Plants. Facilitated by the Royal Botanic Gardens, Kew.",A,kew-5000290,NA,FALSE,NA,NA,NA,NA
Ailanthus glandulosus,Ailanthus altissima,28827,Ailanthus glandulosus,FALSE,FALSE,FALSE,TRUE,TRUE,TRUE,2,71,1,wfo-0001243931,urn:lsid:ipni.org:names:77227884-1,50126868,variety,wfo-0000524599,NA,Simaroubaceae,NA,NA,NA,Ailanthus,NA,altissima,altissima,variety,Valid,Unknown,Accepted,NA,NA,NA,Source in seed data: tro More details could be found in <a href=http://www.theplantlist.org/tpl1.1/record/tro-50126868 >The Plant List v.1.1.</a> Originally in <a href=http://www.theplantlist.org/tpl/record/tro-50126868 >The Plant List v.1.0</a>,https://powo.science.kew.org/taxon/urn:lsid:ipni.org:names:77227884-1,"World Checklist of Vascular Plants. Facilitated by the Royal Botanic Gardens, Kew.",A,tro-50126868,NA,TRUE,Synonym,wfo-0000524618,Ailanthus glandulosa,NA
Aspidium acrostichoides,Polystichum acrostichoides,17675,Aspidium acrostichoides,FALSE,FALSE,FALSE,TRUE,TRUE,FALSE,NA,72,1,wfo-0001109261,urn:lsid:ipni.org:names:17205300-1,26602423,species,wfo-4000030832,(Michx.) Schott,Dryopteridaceae,Dryopteridoideae,NA,NA,Polystichum,NA,acrostichoides,NA,species,Valid,Gen. Fil. [Schott] ad t.9. 1834 ; & NPfl. 190,Accepted,NA,wfo-0001110566,NA,"Source in seed data: tro Updated namepublishedIn from Gen. Fil. sub pl. 9 1834 to Gen. Fil. [Schott] ad t.9. 1834 ; & NPfl. 190, information provided by Alan E. on email Oct. 12 2020 More details could be found in <a href=http://www.theplantlist.org/tpl1",http://www.theplantlist.org/tpl1.1/record/tro-26602423,"World Checklist of Vascular Plants. Facilitated by the Royal Botanic Gardens, Kew.",Polypodiophyta,tro-26602423,NA,TRUE,Synonym,wfo-0001110563,Aspidium acrostichoides,NA
Aspidium cristatum,Dryopteris cristata,17531,Aspidium cristatum,FALSE,FALSE,FALSE,FALSE,TRUE,FALSE,NA,73,1,wfo-0001107299,urn:lsid:ipni.org:names:17093920-1,26600145,species,wfo-4000012657,(L.) A.Gray,Dryopteridaceae,Dryopteridoideae,NA,NA,Dryopteris,NA,cristata,NA,species,Valid,Manual (Gray) 631. 1848,Accepted,NA,wfo-0001110525,NA,"Source in seed data: tro Updated namepublishedIn from Manual 631 1848 to Manual (Gray) 631. 1848 , information provided by Alan E. on email Oct. 12 2020 More details could be found in <a href=http://www.theplantlist.org/tpl1.1/record/tro-26600145 >The Pl",http://www.theplantlist.org/tpl1.1/record/tro-26600145,"World Checklist of Vascular Plants. Facilitated by the Royal Botanic Gardens, Kew.",Polypodiophyta,tro-26600145,NA,TRUE,Synonym,wfo-0001110269,Aspidium cristatum,smallest ID
Aspidium marginale,Dryopteris marginalis,17541,Aspidium marginale,FALSE,FALSE,FALSE,TRUE,TRUE,FALSE,NA,74,1,wfo-0001107306,urn:lsid:ipni.org:names:30064660-2,26600153,species,wfo-4000012657,(L.) A.Gray,Dryopteridaceae,Dryopteridoideae,NA,NA,Dryopteris,NA,marginalis,NA,species,Valid,Manual (Gray) 632. 1848 [10 Feb 1848],Accepted,NA,wfo-0001110521,NA,"Source in seed data: tro Updated namepublishedIn from Manual 632 1848 to Manual (Gray) 632. 1848 [10 Feb 1848] , information provided by Alan E. on email Oct. 12 2020 More details could be found in <a href=http://www.theplantlist.org/tpl1.1/record/tro-26",http://www.theplantlist.org/tpl1.1/record/tro-26600153,"World Checklist of Vascular Plants. Facilitated by the Royal Botanic Gardens, Kew.",Polypodiophyta,tro-26600153,NA,TRUE,Synonym,wfo-0001110522,Aspidium marginale,NA
Aspidium novaboracense,Thelypteris noveboracensis,17261,Aspidium novaboracense,FALSE,FALSE,FALSE,TRUE,TRUE,TRUE,1,75,1,wfo-0001109425,urn:lsid:ipni.org:names:17263040-1,26602617,species,wfo-4000038147,Nieuwl.,Thelypteridaceae,Thelypteridoideae,NA,NA,Thelypteris,NA,noveboracensis,NA,species,Valid,Amer. Midl. Naturalist 1(8): 226. 1910 [15 Jun 1910],Accepted,NA,NA,NA,"Source in seed data: tro Updated scientificnameAuthorship from (L.) Nieuwl. to Nieuwl., information provided by Alan E. on email Oct. 12 2020 More details could be found in <a href=http://www.theplantlist.org/tpl1.1/record/tro-26602617 >The Plant List v.",http://www.theplantlist.org/tpl1.1/record/tro-26602617,"World Checklist of Vascular Plants. Facilitated by the Royal Botanic Gardens, Kew.",Polypodiophyta,tro-26602617,NA,TRUE,Synonym,wfo-0001110487,Aspidium noveboracense,NA
Aspidium spinulosum,Dryopteris carthusiana,502157,Aspidium spinulosum,FALSE,FALSE,FALSE,TRUE,TRUE,FALSE,NA,76,1,wfo-0001107298,urn:lsid:ipni.org:names:17390210-1,26600144,species,wfo-4000012657,(Vill.) H.P.Fuchs,Dryopteridaceae,Dryopteridoideae,NA,NA,Dryopteris,NA,carthusiana,NA,species,Valid,Bull. Soc. Bot. France 105: 339. 1959,Accepted,NA,wfo-0001118597,NA,"Source in seed data: tro Updated family from Polypodiaceae to Dryopteridaceae, information provided by Alan E. on email April 28, 2021 More details could be found in <a href=http://www.theplantlist.org/tpl1.1/record/tro-26600144 >The Plant List v.1.1.</a",http://www.theplantlist.org/tpl1.1/record/tro-26600144,"World Checklist of Vascular Plants. Facilitated by the Royal Botanic Gardens, Kew.",Polypodiophyta,tro-26600144,NA,TRUE,Synonym,wfo-0001111010,Aspidium spinulosum,NA
Aspidium thelypteris,Thelypteris palustris,17251,Aspidium thelypteris,FALSE,FALSE,FALSE,TRUE,TRUE,FALSE,NA,77,1,wfo-0001107441,urn:lsid:ipni.org:names:17226930-1,26600347,species,wfo-4000038147,Schott,Thelypteridaceae,Thelypteridoideae,NA,NA,Thelypteris,NA,palustris,NA,species,Valid,Gen. Fil. [Schott] ad t.10. 1834,Accepted,NA,NA,NA,"Source in seed data: tro Updated scientificnameAuthorship from (A.Gray) Schott to Schott, information provided by Alan E. on email Oct. 12 2020 More details could be found in <a href=http://www.theplantlist.org/tpl1.1/record/tro-26600347 >The Plant List",https://powo.science.kew.org/taxon/urn:lsid:ipni.org:names:17226930-1,"World Checklist of Vascular Plants. Facilitated by the Royal Botanic Gardens, Kew.",Polypodiophyta,tro-26600347,NA,TRUE,Synonym,wfo-0001110490,Aspidium thelypteris,NA
Asplenium filix-foemina,Athyrium filix-femina,17412,Asplenium filix-foemina,FALSE,FALSE,FALSE,TRUE,TRUE,TRUE,1,78,1,wfo-0001112807,urn:lsid:ipni.org:names:77186193-1,26607044,subspecies,wfo-0001107233,NA,Aspleniaceae,NA,NA,NA,Athyrium,NA,filix-femina,filix-femina,subspecies,Valid,NA,Accepted,NA,NA,NA,Source in seed data: tro More details could be found in <a href=http://www.theplantlist.org/tpl1.1/record/tro-26607044 >The Plant List v.1.1.</a> Originally in <a href=http://www.theplantlist.org/tpl/record/tro-26607044 >The Plant List v.1.0</a>,https://powo.science.kew.org/taxon/urn:lsid:ipni.org:names:77186193-1,"World Checklist of Vascular Plants. Facilitated by the Royal Botanic Gardens, Kew.",Polypodiophyta,tro-26607044,NA,TRUE,Synonym,wfo-0001110190,Asplenium filix-femina,NA
Asplenium thelypteroide,Deparia acrostichoides,501994,Asplenium thelypteroide,FALSE,FALSE,FALSE,TRUE,TRUE,TRUE,1,79,1,wfo-0001114364,urn:lsid:ipni.org:names:77978-2,26608777,species,wfo-4000011154,(Sw.) M.Kato,Athyriaceae,NA,NA,NA,Deparia,NA,acrostichoides,NA,species,Valid,Ann. Carnegie Mus. 49: 177. 1980,Accepted,NA,wfo-0001110430,NA,"Source in seed data: tro Updated namepublishedIn from Ann. Carnegie Mus. 49(11): 177 1980 to Ann. Carnegie Mus. 49: 177. 1980 , information provided by Alan E. on email Oct. 12 2020 More details could be found in <a href=http://www.theplantlist.org/tpl1.",http://www.theplantlist.org/tpl1.1/record/tro-26608777,"World Checklist of Vascular Plants. Facilitated by the Royal Botanic Gardens, Kew.",Polypodiophyta,tro-26608777,NA,TRUE,Synonym,wfo-0000154964,Asplenium thelypteroides,NA
Athyrium pycnocarpon,Diplazium pycnocarpon,502095,Athyrium pycnocarpon,TRUE,FALSE,FALSE,TRUE,TRUE,FALSE,NA,80,1,wfo-0001114341,urn:lsid:ipni.org:names:123746-2,26608753,species,wfo-4000018166,(Spreng.) Pic.Serm.,Diplaziopsidaceae,NA,NA,NA,Homalosorus,NA,pycnocarpos,NA,species,Valid,Webbia 31(1): 246. 1977,Accepted,NA,wfo-0001110435,NA,"Source in seed data: tro Updated family from Aspleniaceae to Diplaziopsidaceaeas per parentName family, information provided by Alan E. on email Dec. 16th 2020 More details could be found in <a href=http://www.theplantlist.org/tpl1.1/record/tro-26608753",https://powo.science.kew.org/taxon/urn:lsid:ipni.org:names:123746-2,"World Checklist of Vascular Plants. Facilitated by the Royal Botanic Gardens, Kew.",Polypodiophyta,tro-26608753,NA,TRUE,Synonym,wfo-0001109495,Athyrium pycnocarpon,NA
Botrychium gracile,Botrypus virginianus,1215036,Botrychium gracile,TRUE,FALSE,FALSE,TRUE,TRUE,FALSE,NA,81,1,wfo-0001111825,urn:lsid:ipni.org:names:77186264-1,26605941,subspecies,wfo-0001109063,NA,Ophioglossaceae,Botrychioideae,NA,NA,Botrychium,NA,virginianum,virginianum,subspecies,Valid,NA,Accepted,NA,NA,NA,Source in seed data: tro More details could be found in <a href=http://www.theplantlist.org/tpl1.1/record/tro-26605941 >The Plant List v.1.1.</a> Originally in <a href=http://www.theplantlist.org/tpl/record/tro-26605941 >The Plant List v.1.0</a>,https://powo.science.kew.org/taxon/urn:lsid:ipni.org:names:77186264-1,"World Checklist of Vascular Plants. Facilitated by the Royal Botanic Gardens, Kew.",Polypodiophyta,tro-26605941,NA,TRUE,Synonym,wfo-0001110636,Botrychium gracile,NA
Chamaecyparis sphaeroides,Chamaecyparis thyoides,18046,Chamaecyparis sphaeroides,FALSE,FALSE,FALSE,TRUE,TRUE,TRUE,1,82,1,wfo-0000599490,urn:lsid:ipni.org:names:54814-2,382860,species,wfo-4000007586,"(L.) Britton, Sterns & Poggenb.",Cupressaceae,NA,NA,NA,Chamaecyparis,NA,thyoides,NA,species,Valid,Prelim. Cat. 71. (1888),Accepted,NA,wfo-0000630816,NA,"Source in seed data: wcs Update namepublishedIn from Prelim. Cat. 71 1888 to Prelim. Cat. : 71 (1888), information provided by Alan E. on email Jun. 07 2021 More details could be found in <a href=http://www.theplantlist.org/tpl1.1/record/kew-2715316 >The",https://padme.rbge.org.uk/wfo/wfo-0000599490,The Conifer TEN,Pinophyta,kew-2715316,NA,TRUE,Synonym,wfo-0000599484,Chamaecyparis sphaeroidea,NA
Cystopteris bulbifera,Cystopteris bulbifera,17481,Cystopteris bulbifera,TRUE,FALSE,FALSE,TRUE,TRUE,FALSE,NA,83,1,wfo-0001109558,urn:lsid:ipni.org:names:17076360-1,26602771,species,wfo-4000010579,(L.) Bernh.,Cystopteridaceae,NA,NA,NA,Cystopteris,NA,bulbifera,NA,species,Valid,Neues J. Bot. 1(2): 10. 1806 ; & HB. 103. Chr. 281. NPfl. 164.,Accepted,NA,wfo-0001110205,NA,"Source in seed data: tro Updated namepublishedIn from Neues J. Bot. 1(2): 10 1806 to Neues J. Bot. 1(2): 10. 1806 ; & HB. 103. Chr. 281. NPfl. 164., information provided by Alan E. on email Oct. 12 2020 More details could be found in <a href=http://www.t",http://www.theplantlist.org/tpl1.1/record/tro-26602771,"World Checklist of Vascular Plants. Facilitated by the Royal Botanic Gardens, Kew.",Polypodiophyta,tro-26602771,NA,FALSE,NA,NA,NA,NA
Cystopteris fragilis var.dentata,Cystopteris fragilis,17482,Cystopteris fragilis var.dentata,FALSE,FALSE,FALSE,TRUE,TRUE,TRUE,1,84,1,wfo-0001111187,urn:lsid:ipni.org:names:137772-3,26604941,subspecies,wfo-0001107276,NA,Cystopteridaceae,NA,NA,NA,Cystopteris,NA,fragilis,fragilis,subspecies,Valid,Flora Tasmaniae 2 1859 [29 Dec 1859],Accepted,NA,NA,NA,"Source in seed data: tro Updated namepublishedin from Unknown to Flora Tasmaniae 2 1859 [29 Dec 1859] , information provided by Alan E. on email Jun. 07 2021 More details could be found in <a href=http://www.theplantlist.org/tpl1.1/record/tro-26604941 >T",https://powo.science.kew.org/taxon/urn:lsid:ipni.org:names:137772-3,"World Checklist of Vascular Plants. Facilitated by the Royal Botanic Gardens, Kew.",Polypodiophyta,tro-26604941,NA,TRUE,Synonym,wfo-0001232388,Cystopteris fragilis var. dentata,NA
Dicksonia pilosiuscula,Dennstaedtia punctilobula,17491,Dicksonia pilosiuscula,FALSE,FALSE,FALSE,TRUE,TRUE,FALSE,NA,85,1,wfo-0001107280,urn:lsid:ipni.org:names:30045598-2,26600125,species,wfo-4000011137,(Michx.) T.Moore,Dennstaedtiaceae,NA,NA,NA,Dennstaedtia,NA,punctilobula,NA,species,Valid,Index Fil. : xcvii (1857),Accepted,NA,wfo-0001110595,NA,"Source in seed data: tro Update namepublishedIn from Index Fil. xcvii 1857 to Index Fil. : xcvii (1857), information provided by Alan E. on email Jun. 07 2021 More details could be found in <a href=http://www.theplantlist.org/tpl1.1/record/tro-26600125 >",http://www.theplantlist.org/tpl1.1/record/tro-26600125,"World Checklist of Vascular Plants. Facilitated by the Royal Botanic Gardens, Kew.",Polypodiophyta,tro-26600125,NA,TRUE,Synonym,wfo-0001110596,Dicksonia pilosiuscula,NA
Equisetum hymale,Equisetum hyemale,17154,Equisetum hymale,FALSE,FALSE,FALSE,TRUE,TRUE,TRUE,1,86,1,wfo-0000748047,urn:lsid:ipni.org:names:92939-2,1024888,species,wfo-4000013663,L.,Equisetaceae,NA,NA,NA,Equisetum,NA,hyemale,NA,species,Valid,Sp. Pl. : 1062 (1753),Accepted,NA,NA,NA,"Source in seed data: cmp Update namepublishedIn from Sp. Pl. 2: 1062 1753 to Sp. Pl. : 1062 (1753), information provided by Alan E. on email Jun. 07 2021 More details could be found in <a href=http://www.theplantlist.org/tpl1.1/record/kew-2902170 >The Pl",http://www.theplantlist.org/tpl1.1/record/kew-2902170,"World Checklist of Vascular Plants. Facilitated by the Royal Botanic Gardens, Kew.",Polypodiophyta,kew-2902170,NA,FALSE,NA,NA,NA,NA
Equisetum limosom,Equisetum fluviatile,17150,Equisetum limosom,FALSE,FALSE,FALSE,TRUE,TRUE,TRUE,1,87,1,wfo-0001108916,urn:lsid:ipni.org:names:30041462-2,26602005,species,wfo-4000013663,L.,Equisetaceae,NA,NA,NA,Equisetum,NA,fluviatile,NA,species,Valid,Sp. Pl. : 1062 (1753),Accepted,NA,NA,NA,"Source in seed data: tro Update namepublishedIn from Sp. Pl. 2: 1062 1753 to Sp. Pl. : 1062 (1753), information provided by Alan E. on email Jun. 07 2021 More details could be found in <a href=http://www.theplantlist.org/tpl1.1/record/tro-26602005 >The P",http://www.theplantlist.org/tpl1.1/record/tro-26602005,"World Checklist of Vascular Plants. Facilitated by the Royal Botanic Gardens, Kew.",Polypodiophyta,tro-26602005,NA,TRUE,Synonym,wfo-0001110236,Equisetum limosum,NA
Larix americana,Larix laricina,183412,Larix americana,FALSE,FALSE,FALSE,TRUE,TRUE,FALSE,NA,88,1,wfo-0000443246,urn:lsid:ipni.org:names:30017098-2,379072,species,wfo-4000020607,(Du Roi) K.Koch,Pinaceae,NA,NA,NA,Larix,NA,laricina,NA,species,Valid,Dendrologie 2 (2): 263. (1873),Accepted,NA,wfo-0000481066,NA,"Source in seed data: wcs Updated majorGroup from A to G, information provided by Alan E. on email Nov. 08 2021 More details could be found in <a href=http://www.theplantlist.org/tpl1.1/record/kew-2493793 >The Plant List v.1.1.</a> Originally in <a href=h",https://padme.rbge.org.uk/wfo/wfo-0000443246,The Conifer TEN,Pinophyta,kew-2493793,NA,TRUE,Synonym,wfo-0000443382,Larix americana,NA
Marsilia quadrifolia,Marsilea quadrifolia,17995,Marsilia quadrifolia,FALSE,FALSE,FALSE,TRUE,TRUE,TRUE,1,89,1,wfo-0001109027,urn:lsid:ipni.org:names:17145350-1,26602150,species,wfo-4000023208,L.,Marsileaceae,NA,NA,NA,Marsilea,NA,quadrifolia,NA,species,Valid,Sp. Pl. : 1099 (1753),Accepted,NA,NA,NA,"Source in seed data: tro Update namepublishedIn from Sp. Pl. 2: 1099–1100 1753 to Sp. Pl. : 1099 (1753), information provided by Alan E. on email Jun. 07 2021 More details could be found in <a href=http://www.theplantlist.org/tpl1.1/record/tro-26602150",http://www.theplantlist.org/tpl1.1/record/tro-26602150,"World Checklist of Vascular Plants. Facilitated by the Royal Botanic Gardens, Kew.",Polypodiophyta,tro-26602150,NA,FALSE,NA,NA,NA,NA
Osmunda cinnamomen,Osmundastrum cinnamomeum,1012094,Osmunda cinnamomen,FALSE,FALSE,FALSE,TRUE,TRUE,TRUE,1,90,1,wfo-0001113307,urn:lsid:ipni.org:names:60447721-2,26607565,species,wfo-4000027399,(L.) C.Presl,Osmundaceae,NA,NA,NA,Osmundastrum,NA,cinnamomeum,NA,species,Valid,Gefässbundel Farrn : 18 (1847),Accepted,NA,wfo-0001109065,NA,"Source in seed data: tro Update namepublishedIn from Gefässbüdel Farrn 18 1847 to Gefässbundel Farrn : 18 (1847), information provided by Alan E. on email Jun. 07 2021 More details could be found in <a href=http://www.theplantlist.org/tpl1.1/record/tr",http://www.theplantlist.org/tpl1.1/record/tro-26607565,"World Checklist of Vascular Plants. Facilitated by the Royal Botanic Gardens, Kew.",Polypodiophyta,tro-26607565,NA,TRUE,Synonym,wfo-0001109065,Osmunda cinnamomea,NA
Picea alba,Picea glauca,183294,Picea alba,FALSE,FALSE,FALSE,TRUE,TRUE,FALSE,NA,91,1,wfo-0000482539,urn:lsid:ipni.org:names:195874-2,380651,species,wfo-4000029600,(Moench) Voss,Pinaceae,NA,NA,NA,Picea,NA,glauca,NA,species,Valid,Mitt. Deutsch. Dendrol. Ges. 16: 93. (1907),Accepted,NA,wfo-0000481470,NA,"Source in seed data: wcs Updated majorGroup from A to G, information provided by Alan E. on email Nov. 08 2021 More details could be found in <a href=http://www.theplantlist.org/tpl1.1/record/kew-2563473 >The Plant List v.1.1.</a> Originally in <a href=h",https://padme.rbge.org.uk/wfo/wfo-0000482539,The Conifer TEN,Pinophyta,kew-2563473,NA,TRUE,Synonym,wfo-0000482006,Picea alba,NA
Pteretis pensylanica,Matteuccia struthiopteris var. pensylvanica,537423,Pteretis pensylanica,FALSE,FALSE,FALSE,TRUE,TRUE,TRUE,1,92,1,wfo-0000154818,urn:lsid:ipni.org:names:17343440-1,NA,species,wfo-4000026881,Sm.,Onocleaceae,NA,NA,NA,Onoclea,NA,pensylvatica,NA,species,Valid,"Cycl. [A. Rees], (London ed.) 25(3). 1813",Accepted,NA,NA,NA,"Source in seed data: ipni Updated family from Aspleniaceae to Onocleaceae, information provided by Alan E. on email April 28, 2021 More details could be found in <a href=http://www.theplantlist.org/tpl1.1/record/ifn-56678 >The Plant List v.1.1.</a> Origi",https://powo.science.kew.org/taxon/urn:lsid:ipni.org:names:17343440-1,"World Checklist of Vascular Plants. Facilitated by the Royal Botanic Gardens, Kew.",Polypodiophyta,ifn-56678,NA,TRUE,Synonym,wfo-0001111124,Pteretis pensylvanica,NA
Thuya occidentalis,Thuja occidentalis,505490,Thuya occidentalis,FALSE,FALSE,FALSE,TRUE,TRUE,TRUE,1,93,1,wfo-0000407772,urn:lsid:ipni.org:names:263956-1,378542,species,wfo-4000038299,L.,Cupressaceae,NA,NA,NA,Thuja,NA,occidentalis,NA,species,Valid,Sp. Pl. 1002. (1753),Accepted,NA,NA,NA,"Source in seed data: wcs Updated majorGroup from A to G, information provided by Alan E. on email Nov. 08 2021 More details could be found in <a href=http://www.theplantlist.org/tpl1.1/record/kew-2432938 >The Plant List v.1.1.</a> Originally in <a href=h",https://padme.rbge.org.uk/wfo/wfo-0000407772,The Conifer TEN,Pinophyta,kew-2432938,NA,FALSE,NA,NA,NA,NA
