spec.name,spec.name.ORIG,Squished,Brackets.detected,Number.detected,Unique,Matched,Fuzzy,Fuzzy.dist,OriSeq,Subseq,taxonID,scientificNameID,localID,scientificName,taxonRank,parentNameUsageID,scientificNameAuthorship,family,subfamily,tribe,subtribe,genus,subgenus,specificEpithet,infraspecificEpithet,verbatimTaxonRank,nomenclaturalStatus,namePublishedIn,taxonomicStatus,acceptedNameUsageID,originalNameUsageID,nameAccordingToID,taxonRemarks,references,source,majorGroup,tplID,Hybrid,New.accepted,Old.status,Old.ID,Old.name,One.Reason,TSN
Agrostema githago,Agrostema githago,FALSE,FALSE,FALSE,TRUE,TRUE,TRUE,1,1,1,wfo-0000524512,urn:lsid:ipni.org:names:95561-3,759050,Agrostemma githago,species,wfo-4000000994,L.,Caryophyllaceae,,,,Agrostemma,,githago,,species,Valid,Species Plantarum 2 1753,Accepted,,,NA,"Source in seed data: cmp Updated namepublishedIn from Sp. Pl. 435 1753 to Species Plantarum 2 1753 , information provided by Alan E. on email Oct. 12 2020 More details could be found in <a href=http://www.theplantlist.org/tpl1.1/record/kew-2626726 >The P",http://www.theplantlist.org/tpl1.1/record/kew-2626726,The Caryophyllales TEN -The Caryophyllales Network,A,kew-2626726,,FALSE,,,,,20230
Allium canadensis,Allium canadensis,FALSE,FALSE,FALSE,FALSE,TRUE,TRUE,2,2,1,wfo-0000755875,urn:lsid:ipni.org:names:527759-1,295220,Allium canadense,species,wfo-4000001260,L.,Amaryllidaceae,,,,Allium,,canadense,,species,Valid,Sp. Pl. : 1195 (1753),Accepted,,,NA,"Source in seed data: wcs Update namepublishedIn from Sp. Pl. 2: 1195. 1753 [1 May 1753] to Sp. Pl. : 1195 (1753), information provided by Alan E. on email Jun. 07 2021 More details could be found in <a href=http://www.theplantlist.org/tpl1.1/record/kew-2",http://www.theplantlist.org/tpl1.1/record/kew-295220,"World Checklist of Vascular Plants. Facilitated by the Royal Botanic Gardens, Kew.",A,kew-295220,,FALSE,,,,Not a synonym,42635
Althea officinalis,Althea officinalis,FALSE,FALSE,FALSE,TRUE,TRUE,TRUE,1,3,1,wfo-0000529011,urn:lsid:ipni.org:names:558872-1,763753,Althaea officinalis,species,wfo-4000001416,L.,Malvaceae,,,,Althaea,,officinalis,,species,Valid,Sp. Pl. : 686 (1753),Accepted,,,NA,"Source in seed data: cmp Update namepublishedIn from Sp. Pl. 686 1753 to Sp. Pl. : 686 (1753), information provided by Alan E. on email Jun. 07 2021 More details could be found in <a href=http://www.theplantlist.org/tpl1.1/record/kew-2631597 >The Plant L",http://www.theplantlist.org/tpl1.1/record/kew-2631597,"World Checklist of Vascular Plants. Facilitated by the Royal Botanic Gardens, Kew.",A,kew-2631597,,FALSE,,,,,21610
Anagalis arvensis,Anagalis arvensis,FALSE,FALSE,FALSE,TRUE,TRUE,TRUE,1,4,1,wfo-0000744184,urn:lsid:ipni.org:names:77100386-1,1019396,Anagallis arvensis,species,wfo-4000022565,(L.) U.Manns & Anderb.,Primulaceae,,,,Lysimachia,,arvensis,,species,Valid,Willdenowia  39: 51 (2009),Accepted,,wfo-0000533162,NA,"Source in seed data: ksu Update namepublishedIn from Willdenowia 39(1): 51. 2009 [7 Jul 2009] to Willdenowia 39: 51 (2009), information provided by Alan E. on email Jun. 07 2021 More details could be found in <a href=http://www.theplantlist.org/tpl1.1/re",https://powo.science.kew.org/taxon/urn:lsid:ipni.org:names:77100386-1,"World Checklist of Vascular Plants. Facilitated by the Royal Botanic Gardens, Kew.",A,kew-2896568,,TRUE,Synonym,wfo-0000533162,Anagallis arvensis,,24043
Anemonella thallictroides,Anemonella thallictroides,FALSE,FALSE,FALSE,TRUE,TRUE,TRUE,1,5,1,wfo-0000535938,urn:lsid:ipni.org:names:708732-1,770945,Anemonella thalictroides,species,wfo-4000002055,Spach,Ranunculaceae,,,,Anemonella,,thalictroides,,species,Valid,Hist. Nat. Vég. 7: 240 (1838),Accepted,,wfo-0000535845,NA,"Source in seed data: cmp Updated scientificnameAuthorship from (L.) Spach to Spach, information provided by Alan E. on email Oct. 12 2020 More details could be found in <a href=http://www.theplantlist.org/tpl1.1/record/kew-2638832 >The Plant List v.1.1.<",http://www.theplantlist.org/tpl1.1/record/kew-2638832,"World Checklist of Vascular Plants. Facilitated by the Royal Botanic Gardens, Kew.",A,kew-2638832,,FALSE,,,,,508858
Calopogon pulchellis,Calopogon pulchellis,FALSE,FALSE,FALSE,FALSE,TRUE,TRUE,1,6,1,wfo-0000780309,urn:lsid:ipni.org:names:77167801-1,31886,Calopogon tuberosus var. tuberosus,variety,wfo-0000780265,,Orchidaceae,,,,Calopogon,,tuberosus,tuberosus,variety,Valid,Unknown,Accepted,,,NA,"Source in seed data: wcs Updated taxonomicstatus from Accepted to accepted, acceptedNameId from to null, [references] from https://wcvp.science.kew.org/taxon/77167801-1, according to WCVP, information provided by Alan E. on email Dec 02 2020 More details",https://powo.science.kew.org/taxon/urn:lsid:ipni.org:names:77167801-1,"World Checklist of Vascular Plants. Facilitated by the Royal Botanic Gardens, Kew.",A,kew-31886,,TRUE,Synonym,wfo-0000780209,Calopogon pulchellus,smallest ID,527036
Cannabis sativam,Cannabis sativam,FALSE,FALSE,FALSE,TRUE,TRUE,TRUE,1,7,1,wfo-0000584001,urn:lsid:ipni.org:names:306087-2,827930,Cannabis sativa,species,wfo-4000006546,L.,Cannabaceae,,,,Cannabis,,sativa,,species,Valid,Sp. Pl. : 1027 (1753),Accepted,,,NA,"Source in seed data: cmp Update namepublishedIn from Sp. Pl. 1027 1753 to Sp. Pl. : 1027 (1753), information provided by Alan E. on email Jun. 07 2021 More details could be found in <a href=http://www.theplantlist.org/tpl1.1/record/kew-2696480 >The Plant",https://powo.science.kew.org/taxon/urn:lsid:ipni.org:names:306087-2,"World Checklist of Vascular Plants. Facilitated by the Royal Botanic Gardens, Kew.",A,kew-2696480,,FALSE,,,,,19109
Cardamine bulbosus,Cardamine bulbosus,FALSE,FALSE,FALSE,TRUE,TRUE,TRUE,2,8,1,wfo-0000586592,urn:lsid:ipni.org:names:45119-2,830965,Cardamine bulbosa,species,wfo-4000006656,"(Schreb. ex Muhl.) Britton, Sterns & Poggenb.",Brassicaceae,,,,Cardamine,,bulbosa,,species,Valid,Prelim. Cat. : 4 (1888),Accepted,,wfo-0000542005,NA,"Source in seed data: cmp Update namepublishedIn from Prelim. Cat. 4 1888 to Prelim. Cat. : 4 (1888), information provided by Alan E. on email Jun. 07 2021 More details could be found in <a href=http://www.theplantlist.org/tpl1.1/record/kew-2699541 >The P",http://www.theplantlist.org/tpl1.1/record/kew-2699541,"World Checklist of Vascular Plants. Facilitated by the Royal Botanic Gardens, Kew.",A,kew-2699541,,FALSE,,,,,22769
Cornus ammonum,Cornus ammonum,FALSE,FALSE,FALSE,TRUE,TRUE,TRUE,2,9,1,wfo-0000924584,urn:lsid:ipni.org:names:66085-2,47280,Cornus amomum,species,wfo-4000009342,Mill.,Cornaceae,,,,Cornus,,amomum,,species,Valid,"Gard. Dict., ed. 8. : n.° 5 (1768)",Accepted,,,NA,"Source in seed data: wcs Update namepublishedIn from Gard. Dict. ed. 8 5 1768 to Gard. Dict. ed. 8 : n.º 5 (1768), information provided by Alan E. on email Jun. 07 2021 More details could be found in <a href=http://www.theplantlist.org/tpl1.1/record/kew",https://powo.science.kew.org/taxon/urn:lsid:ipni.org:names:66085-2,"World Checklist of Vascular Plants. Facilitated by the Royal Botanic Gardens, Kew.",A,kew-47280,,FALSE,,,,,27799
Crotolaria sagittalis,Crotolaria sagittalis,FALSE,FALSE,FALSE,TRUE,TRUE,TRUE,1,10,1,wfo-0000174082,urn:lsid:ipni.org:names:318914-2,20198,Crotalaria sagittalis,species,wfo-4000009787,L.,Fabaceae,Papilionoideae,,,Crotalaria,,sagittalis,,species,Valid,Sp. Pl. : 714 (1753),Accepted,,,NA,"Source in seed data: ildis Update namepublishedIn from to Sp. Pl. : 714 (1753), information provided by Alan E. on email Jun. 07 2021 More details could be found in <a href=http://www.theplantlist.org/tpl1.1/record/ild-20198 >The Plant List v.1.1.</a> Or",https://www.legumedata.org/taxonomy/taxon/2744502,The Fabaceae TEN - Legume Taxonomy Working Group,A,ild-20198,,FALSE,,,,,26579
Cypredium acaule,Cypredium  acaule,TRUE,FALSE,FALSE,TRUE,TRUE,TRUE,2,11,1,wfo-0000935125,urn:lsid:ipni.org:names:75333-2,53870,Cypripedium acaule,species,wfo-4000010482,Aiton,Orchidaceae,,,,Cypripedium,,acaule,,species,Valid,Hort. Kew. 3: 303 (1789),Accepted,,,NA,"Source in seed data: wcs Update namepublishedIn from Hort. Kew. 3: 303 1789 to Hort. Kew. 3: 303 (1789), information provided by Alan E. on email Jun. 07 2021 More details could be found in <a href=http://www.theplantlist.org/tpl1.1/record/kew-53870 >The",https://powo.science.kew.org/taxon/urn:lsid:ipni.org:names:75333-2,"World Checklist of Vascular Plants. Facilitated by the Royal Botanic Gardens, Kew.",A,kew-53870,,FALSE,,,,,43534
Erigeron philadelphius,Erigeron philadelphius,FALSE,FALSE,FALSE,FALSE,TRUE,TRUE,1,12,2,wfo-0000022234,urn:lsid:ipni.org:names:204312-1,GCC-71C46651-4FCA-4CD4-BE9D-C9EAFE03455E,Erigeron philadelphicus,species,wfo-4000013785,L.,Asteraceae,Asteroideae,Astereae,Conyzinae,Erigeron,,philadelphicus,,species,Valid,Sp. Pl. : 863 (1753),Accepted,,,NA,"Source in seed data: gcc Update namepublishedIn from Sp. Pl.: 863 (1753) to Sp. Pl. : 863 (1753), information provided by Alan E. on email Jun. 07 2021 More details could be found in <a href=http://www.theplantlist.org/tpl1.1/record/gcc-121495 >The Plant",https://www.compositae.org/gcd/aphia.php?p=taxdetails&id=1108554,The Asteraceaae TEN,A,gcc-121495,,FALSE,,,,Not a synonym,35809
Eupatorium perfoliata,Eupatorium perfoliata,FALSE,FALSE,FALSE,TRUE,TRUE,TRUE,2,13,1,wfo-0000027022,urn:lsid:ipni.org:names:277036-2,GCC-0651A369-2C83-4777-829E-D49816A52B82,Eupatorium perfoliatum,species,wfo-4000014215,L.,Asteraceae,Asteroideae,Eupatorieae,Eupatoriinae,Eupatorium,,perfoliatum,,species,Valid,Sp. Pl. : 838 (1753),Accepted,,,NA,"Source in seed data: gcc Update namepublishedIn from Sp. Pl. 838 1753 to Sp. Pl. : 838 (1753), information provided by Alan E. on email Jun. 07 2021 More details could be found in <a href=http://www.theplantlist.org/tpl1.1/record/gcc-126117 >The Plant Li",https://www.compositae.org/gcd/aphia.php?p=taxdetails&id=1109836,The Asteraceaae TEN,A,gcc-126117,,FALSE,,,,,35980
Galium circaezens,Galium circaezens,FALSE,FALSE,FALSE,TRUE,TRUE,TRUE,1,14,1,wfo-0000968671,urn:lsid:ipni.org:names:749731-1,86048,Galium circaezans,species,wfo-4000015241,Michx.,Rubiaceae,,,,Galium,,circaezans,,species,Valid,Fl. Bor.-Amer.  1: 80 (1803),Accepted,,,NA,"Source in seed data: wcs Update namepublishedIn from Fl. Bor.-Amer. 1: 80 1803 to Fl. Bor.-Amer. 1: 80 (1803), information provided by Alan E. on email Jun. 07 2021 More details could be found in <a href=http://www.theplantlist.org/tpl1.1/record/kew-8604",https://powo.science.kew.org/taxon/urn:lsid:ipni.org:names:749731-1,"World Checklist of Vascular Plants. Facilitated by the Royal Botanic Gardens, Kew.",A,kew-86048,,FALSE,,,,,34800
Galium mullugo,Galium mullugo,FALSE,FALSE,FALSE,TRUE,TRUE,TRUE,1,15,1,wfo-0000969499,urn:lsid:ipni.org:names:750253-1,86839,Galium mollugo,species,wfo-4000015241,L.,Rubiaceae,,,,Galium,,mollugo,,species,Valid,Sp. Pl. : 107 (1753),Accepted,,,NA,"Source in seed data: wcs Update namepublishedIn from Sp. Pl. 1: 107. 1753 [1 May 1753] to Sp. Pl. : 107 (1753), information provided by Alan E. on email Jun. 07 2021 More details could be found in <a href=http://www.theplantlist.org/tpl1.1/record/kew-868",https://powo.science.kew.org/taxon/urn:lsid:ipni.org:names:750253-1,"World Checklist of Vascular Plants. Facilitated by the Royal Botanic Gardens, Kew.",A,kew-86839,,FALSE,,,,,34891
Geum canadensis,Geum canadensis,FALSE,FALSE,FALSE,FALSE,TRUE,TRUE,2,16,2,wfo-0001012938,urn:lsid:ipni.org:names:30065568-2,5587,Geum canadense,species,wfo-4000015601,Jacq.,Rosaceae,,,,Geum,,canadense,,species,Valid,Hort. Bot. Vindob.  2: 82 (1773),Accepted,,,NA,"Source in seed data: rjp Update namepublishedIn from Hortus botanicus vindobonensis ; 1770 82, pl.175 1773 to Hort. Bot. Vindob. 2: 82 (1773), information provided by Alan E. on email Jun. 07 2021 More details could be found in <a href=http://www.theplan",https://powo.science.kew.org/taxon/urn:lsid:ipni.org:names:30065568-2,"World Checklist of Vascular Plants. Facilitated by the Royal Botanic Gardens, Kew.",A,rjp-5587,,FALSE,,,,Accepted,24645
Goodyera tessellata,Goodyera tessellata,FALSE,FALSE,FALSE,FALSE,TRUE,TRUE,1,17,1,wfo-0000974794,urn:lsid:ipni.org:names:112587-2,91939,Goodyera tesselata,species,wfo-4000016055,G.Lodd.,Orchidaceae,,,,Goodyera,,tesselata,,species,Valid,Bot. Cab. 10: t. 952 (1825),Accepted,,,NA,"Source in seed data: wcs Updated scientificnameAuthorship from G.Lodd. to Lodd., information provided by Alan E. on email Oct. 12 2020 More details could be found in <a href=http://www.theplantlist.org/tpl1.1/record/kew-91939 >The Plant List v.1.1.</a> O",https://powo.science.kew.org/taxon/urn:lsid:ipni.org:names:112587-2,"World Checklist of Vascular Plants. Facilitated by the Royal Botanic Gardens, Kew.",A,kew-91939,,FALSE,,,,Accepted,43596
Habenaria blephariglottis,Habenaria  blephariglottis ,TRUE,FALSE,FALSE,TRUE,TRUE,FALSE,NA,18,1,wfo-0000274348,urn:lsid:ipni.org:names:77169511-1,157050,Platanthera blephariglottis var. blephariglottis,variety,wfo-0000274346,,Orchidaceae,,,,Platanthera,,blephariglottis,blephariglottis,variety,Valid,Unknown,Accepted,,,NA,"Source in seed data: wcs Updated taxonomicstatus from Accepted to accepted, acceptedNameId from to null, [references] from https://wcvp.science.kew.org/taxon/77169511-1, according to WCVP, information provided by Alan E. on email Dec 02 2020 More details",https://powo.science.kew.org/taxon/urn:lsid:ipni.org:names:77169511-1,"World Checklist of Vascular Plants. Facilitated by the Royal Botanic Gardens, Kew.",A,kew-157050,,TRUE,Synonym,wfo-0000977226,Habenaria blephariglottis,,196396
Habenaria clavellata,Habenaria  clavellata,TRUE,FALSE,FALSE,TRUE,TRUE,FALSE,NA,19,1,wfo-0000274386,urn:lsid:ipni.org:names:201638-2,157085,Platanthera clavellata,species,wfo-4000030056,(Michx.) Luer,Orchidaceae,,,,Platanthera,,clavellata,,species,Valid,Native Orchids Florida : 148 (1972),Accepted,,wfo-0000259069,NA,"Source in seed data: wcs Update namepublishedIn from Native Orchids Florida 148 1972 to Native Orchids Florida : 148 (1972), information provided by Alan E. on email Jun. 07 2021 More details could be found in <a href=http://www.theplantlist.org/tpl1.1/r",https://powo.science.kew.org/taxon/urn:lsid:ipni.org:names:201638-2,"World Checklist of Vascular Plants. Facilitated by the Royal Botanic Gardens, Kew.",A,kew-157085,,TRUE,Synonym,wfo-0000977360,Habenaria clavellata,,43423
Habenaria dilatata,Habenaria  dilatata,TRUE,FALSE,FALSE,TRUE,TRUE,FALSE,NA,20,1,wfo-0000274419,urn:lsid:ipni.org:names:30167398-2,157114,Platanthera dilatata,species,wfo-4000030056,(Pursh) Lindl. ex L.C.Beck,Orchidaceae,,,,Platanthera,,dilatata,,species,Valid,Bot. North. Middle States : 347 (1833),Accepted,,wfo-0000259167,NA,"Source in seed data: wcs Updated namepublishedIn from Bot. North. Middle States 347 1833 to Bot. North. Middle States [Beck] 347. 1833 , information provided by Alan E. on email Oct. 12 2020 More details could be found in <a href=http://www.theplantlist.",https://powo.science.kew.org/taxon/urn:lsid:ipni.org:names:651717-1,"World Checklist of Vascular Plants. Facilitated by the Royal Botanic Gardens, Kew.",A,kew-157114,,TRUE,Synonym,wfo-0000977498,Habenaria dilatata,,43425
Habenaria fimbriata,Habenaria  fimbriata,TRUE,FALSE,FALSE,FALSE,TRUE,FALSE,NA,21,2,wfo-0000274471,urn:lsid:ipni.org:names:651760-1,157162,Platanthera grandiflora,species,wfo-4000030056,(Bigelow) Lindl.,Orchidaceae,,,,Platanthera,,grandiflora,,species,Valid,Gen. Sp. Orchid. Pl. : 294 (1835),Accepted,,wfo-0000259319,NA,"Source in seed data: wcs Updated scientificnameAuthorship from (Bigelow) Lindl. to Lindl., information provided by Alan E. on email Oct. 12 2020 More details could be found in <a href=http://www.theplantlist.org/tpl1.1/record/kew-157162 >The Plant List v",https://powo.science.kew.org/taxon/urn:lsid:ipni.org:names:651760-1,"World Checklist of Vascular Plants. Facilitated by the Royal Botanic Gardens, Kew.",A,kew-157162,,TRUE,Synonym,wfo-0000977617,Habenaria fimbriata,smallest ID,43426
Habenaria flava,Habenaria  flava,TRUE,FALSE,FALSE,TRUE,TRUE,FALSE,NA,22,1,wfo-0000274445,urn:lsid:ipni.org:names:1045555-2,157138,Platanthera flava,species,wfo-4000030056,(L.) Lindl.,Orchidaceae,,,,Platanthera,,flava,,species,Valid,Gen. Sp. Orchid. Pl. : 293 (1835),Accepted,,wfo-0000259253,NA,"Source in seed data: wcs Update namepublishedIn from Gen. Sp. Orchid. Pl. 293 1835 to Gen. Sp. Orchid. Pl. : 293 (1835), information provided by Alan E. on email Jun. 07 2021 More details could be found in <a href=http://www.theplantlist.org/tpl1.1/recor",https://powo.science.kew.org/taxon/urn:lsid:ipni.org:names:1045555-2,"World Checklist of Vascular Plants. Facilitated by the Royal Botanic Gardens, Kew.",A,kew-157138,,TRUE,Synonym,wfo-0000977630,Habenaria flava,,43414
Habenaria lacera,Habenaria  lacera,TRUE,FALSE,FALSE,FALSE,TRUE,FALSE,NA,23,1,wfo-0000274538,urn:lsid:ipni.org:names:651799-1,157224,Platanthera lacera,species,wfo-4000030056,(Michx.) G.Don,Orchidaceae,,,,Platanthera,,lacera,,species,Valid,"Hort. Brit. , ed. 3: 650 (1839)",Accepted,,wfo-0000259466,NA,"Source in seed data: wcs Updated scientificnameAuthorship from (Michx.) G.Don to G.Don, information provided by Alan E. on email Oct. 12 2020 More details could be found in <a href=http://www.theplantlist.org/tpl1.1/record/kew-157224 >The Plant List v.1.",https://powo.science.kew.org/taxon/urn:lsid:ipni.org:names:651799-1,"World Checklist of Vascular Plants. Facilitated by the Royal Botanic Gardens, Kew.",A,kew-157224,,TRUE,Synonym,wfo-0000977934,Habenaria lacera,smallest ID,43430
Habenaria orbiculata,Habenaria  orbiculata,TRUE,FALSE,FALSE,FALSE,TRUE,FALSE,NA,24,1,wfo-0000274633,urn:lsid:ipni.org:names:30220552-2,157312,Platanthera orbiculata,species,wfo-4000030056,(Pursh) Lindl.,Orchidaceae,,,,Platanthera,,orbiculata,,species,Valid,Gen. Sp. Orchid. Pl. : 286 (1835),Accepted,,wfo-0000259744,NA,"Source in seed data: wcs Update namepublishedIn from Gen. Sp. Orchid. Pl. 286 1835 to Gen. Sp. Orchid. Pl. : 286 (1835), information provided by Alan E. on email Jun. 07 2021 More details could be found in <a href=http://www.theplantlist.org/tpl1.1/recor",https://powo.science.kew.org/taxon/urn:lsid:ipni.org:names:30220552-2,"World Checklist of Vascular Plants. Facilitated by the Royal Botanic Gardens, Kew.",A,kew-157312,,TRUE,Synonym,wfo-0000978294,Habenaria orbiculata,smallest ID,43435
Habenaria psychodes,Habenaria  psychodes,TRUE,FALSE,FALSE,TRUE,TRUE,TRUE,1,25,1,wfo-0000274662,urn:lsid:ipni.org:names:1009442-2,157339,Platanthera psycodes,species,wfo-4000030056,(L.) Lindl.,Orchidaceae,,,,Platanthera,,psycodes,,species,Valid,Gen. Sp. Orchid. Pl. : 294 (1835),Accepted,,wfo-0000259891,NA,"Source in seed data: wcs Updated namepublishedIn from Gen. Sp. Orchid. Pl. 294 1835 to Gen. Sp. Orchid. Pl. 294. 1835 [Sep 1835] , information provided by Alan E. on email Oct. 12 2020 More details could be found in <a href=http://www.theplantlist.org/tp",https://powo.science.kew.org/taxon/urn:lsid:ipni.org:names:651873-1,"World Checklist of Vascular Plants. Facilitated by the Royal Botanic Gardens, Kew.",A,kew-157339,,TRUE,Synonym,wfo-0000978474,Habenaria psycodes,,504441
Helianthemum canadensis,Helianthemum canadensis,FALSE,FALSE,FALSE,TRUE,TRUE,TRUE,2,26,1,wfo-0000626248,urn:lsid:ipni.org:names:69585-2,873181,Crocanthemum canadense,species,wfo-4000009725,(L.) Britton,Cistaceae,,,,Crocanthemum,,canadense,,species,Valid,"Ill. Fl. N. U.S. , ed. 2, 2: 540 (1913)",Accepted,,wfo-0000607234,NA,"Source in seed data: cmp Updated scientificnameAuthorship from (L.) Britton to Britton, information provided by Alan E. on email Oct. 12 2020 More details could be found in <a href=http://www.theplantlist.org/tpl1.1/record/kew-2742925 >The Plant List v.1",https://powo.science.kew.org/taxon/urn:lsid:ipni.org:names:69585-2,"World Checklist of Vascular Plants. Facilitated by the Royal Botanic Gardens, Kew.",A,kew-2742925,,TRUE,Synonym,wfo-0000717348,Helianthemum canadense,,511781
Hemerocallis fulva,Hemerocallis  fulva,TRUE,FALSE,FALSE,TRUE,TRUE,FALSE,NA,27,1,wfo-0000655134,urn:lsid:ipni.org:names:536335-1,277643,Hemerocallis fulva,species,wfo-4000017336,(L.) L.,Asphodelaceae,Hemerocallidoideae,,,Hemerocallis,,fulva,,species,Valid,Sp. Pl. ed. 2 : 462 (1762),Accepted,,wfo-0000770438,NA,"Source in seed data: wcs Update namepublishedIn from Sp. Pl. ed. 2 462 1762 to Sp. Pl. ed. 2 : 462 (1762), information provided by Alan E. on email Jun. 07 2021 More details could be found in <a href=http://www.theplantlist.org/tpl1.1/record/kew-277643 >",http://www.theplantlist.org/tpl1.1/record/kew-277643,The Asphodelaceae TEN,A,kew-277643,,FALSE,,,,,42943
Hydrocotyl americana,Hydrocotyl americana,FALSE,FALSE,FALSE,TRUE,TRUE,TRUE,1,28,1,wfo-0000726327,urn:lsid:ipni.org:names:843379-1,982661,Hydrocotyle americana,species,wfo-4000018527,L.,Araliaceae,,,,Hydrocotyle,,americana,,species,Valid,Sp. Pl. : 234 (1753),Accepted,,,NA,"Source in seed data: cmp Update namepublishedIn from Sp. Pl. 234 1753 to Sp. Pl. : 234 (1753), information provided by Alan E. on email Jun. 07 2021 More details could be found in <a href=http://www.theplantlist.org/tpl1.1/record/kew-2855918 >The Plant L",https://powo.science.kew.org/taxon/urn:lsid:ipni.org:names:843379-1,"World Checklist of Vascular Plants. Facilitated by the Royal Botanic Gardens, Kew.",A,kew-2855918,,FALSE,,,,,29519
Hypericum elliptium,Hypericum elliptium,FALSE,FALSE,FALSE,TRUE,TRUE,TRUE,1,29,1,wfo-0001295683,urn:lsid:ipni.org:names:433397-1,7800007,Hypericum ellipticum,species,wfo-4000018759,Hook.,Hypericaceae,,,,Hypericum,,ellipticum,,species,Valid,Fl. Bor.-Amer.  1: 110 (1831),Accepted,,,NA,"Source in seed data: tro Update namepublishedIn from Fl. Bor.-Amer. 1(3): 110–111 1831 to Fl. Bor.-Amer. 1: 110 (1831), information provided by Alan E. on email Jun. 07 2021 More details could be found in <a href=http://www.theplantlist.org/tpl1.1/reco",https://powo.science.kew.org/taxon/urn:lsid:ipni.org:names:433397-1,"World Checklist of Vascular Plants. Facilitated by the Royal Botanic Gardens, Kew.",A,tro-7800007,,FALSE,,,,,21437
Ipomea purpurea,Ipomea purpurea,FALSE,FALSE,FALSE,TRUE,TRUE,TRUE,1,30,1,wfo-0001296676,urn:lsid:ipni.org:names:30043043-2,8500061,Ipomoea purpurea,species,wfo-4000019160,(L.) Roth,Convolvulaceae,,,,Ipomoea,,purpurea,,species,Valid,Bot. Abh. Beobacht. : 27 (1787),Accepted,,,NA,"Source in seed data: tro Update namepublishedIn from Bot. Abh. Beobacht. 27 1787 to Bot. Abh. Beobacht. : 27 (1787), information provided by Alan E. on email Jun. 07 2021 More details could be found in <a href=http://www.theplantlist.org/tpl1.1/record/tr",http://www.theplantlist.org/tpl1.1/record/tro-8500061,"World Checklist of Vascular Plants. Facilitated by the Royal Botanic Gardens, Kew.",A,tro-8500061,,FALSE,,,,,30789
Iris pseudoacorus,Iris pseudoacorus,FALSE,FALSE,FALSE,TRUE,TRUE,TRUE,1,31,1,wfo-0000783754,urn:lsid:ipni.org:names:438992-1,322261,Iris pseudacorus,species,wfo-4000019189,L.,Iridaceae,,,,Iris,,pseudacorus,,species,Valid,Sp. Pl. : 38 (1753),Accepted,,,NA,"Source in seed data: iplants Update namepublishedIn from Sp. Pl. 1: 38. 1753 [1 May 1753] to Sp. Pl. : 38 (1753), information provided by Alan E. on email Jun. 07 2021 More details could be found in <a href=http://www.theplantlist.org/tpl1.1/record/kew-3",https://powo.science.kew.org/taxon/urn:lsid:ipni.org:names:438992-1,"World Checklist of Vascular Plants. Facilitated by the Royal Botanic Gardens, Kew.",A,kew-322261,,FALSE,,,,,43194
Krigia viginica,Krigia viginica,FALSE,FALSE,FALSE,FALSE,TRUE,TRUE,1,32,1,wfo-0000058650,urn:lsid:ipni.org:names:133939-2,GCC-2CC8A1CA-7B22-40EA-8718-1D2EB8942247,Krigia virginica,species,wfo-1000043995,(L.) Willd.,Asteraceae,Cichorioideae,Cichorieae,Microseridinae,Krigia,,virginica,,species,Valid,"Sp. Pl., ed. 4 , 3: 1618 (1803)",Accepted,,wfo-0000085994,NA,"Source in seed data: gcc Update namepublishedIn from 1618 1803 to Sp. Pl., ed. 4 , 3: 1618 (1803), information provided by Alan E. on email Jun. 07 2021 More details could be found in <a href=http://www.theplantlist.org/tpl1.1/record/gcc-15758 >The Plant",https://cichorieae.e-taxonomy.net/portal/cdm_dataportal/taxon/20b2ac67-295e-4e2c-a344-bb3a0b16d814,The Asteraceaae TEN,A,gcc-15758,,FALSE,,,,Not a synonym,37816
Lamium amplexicaulis,Lamium amplexicaulis,FALSE,FALSE,FALSE,TRUE,TRUE,TRUE,2,33,1,wfo-0000222440,urn:lsid:ipni.org:names:448797-1,107386,Lamium amplexicaule,species,wfo-4000020496,L.,Lamiaceae,,,,Lamium,,amplexicaule,,species,Valid,Sp. Pl. : 579 (1753),Accepted,,,NA,"Source in seed data: wcs Update namepublishedIn from Sp. Pl. 579 1753 to Sp. Pl. : 579 (1753), information provided by Alan E. on email Jun. 07 2021 More details could be found in <a href=http://www.theplantlist.org/tpl1.1/record/kew-107386 >The Plant Li",https://powo.science.kew.org/taxon/urn:lsid:ipni.org:names:448797-1,"World Checklist of Vascular Plants. Facilitated by the Royal Botanic Gardens, Kew.",A,kew-107386,,FALSE,,,,,32539
Leontodon autumalis,Leontodon autumalis,FALSE,FALSE,FALSE,FALSE,TRUE,TRUE,1,34,1,wfo-0000022256,urn:lsid:ipni.org:names:243480-1,GCC-7C5AD615-6F2C-427D-9C9C-C9F69D0F5EA0,Leontodon autumnalis,species,wfo-4000034833,(L.) Moench,Asteraceae,Cichorioideae,Cichorieae,Hypochaeridinae,Scorzoneroides,,autumnalis,,species,Valid,Methodus : 549 (1794),Accepted,,wfo-0000024940,NA,"Source in seed data: gcc Update namepublishedIn from Methodus (Moench) 549. 1794 [4 May 1794] to Methodus : 549 (1794), information provided by Alan E. on email Jun. 07 2021 More details could be found in <a href=http://www.theplantlist.org/tpl1.1/record",https://cichorieae.e-taxonomy.net/portal/cdm_dataportal/taxon/0c17975e-14d9-432b-846a-9f290c1a88fe,The Asteraceaae TEN,A,gcc-121516,,TRUE,Synonym,wfo-0000010339,Leontodon autumnalis,smallest ID,37883
Lespedza capitata,Lespedza capitata,FALSE,FALSE,FALSE,TRUE,TRUE,TRUE,1,35,1,wfo-0000164446,urn:lsid:ipni.org:names:138638-2,10876,Lespedeza capitata,species,wfo-4000021455,Michx.,Fabaceae,Papilionoideae,,,Lespedeza,,capitata,,species,Valid,Fl. Bor.-Amer. 2: 71 (1803),Accepted,,,NA,"Source in seed data: ildis Updated namepublishedIn from to Fl. Bor.-Amer. (Michaux) 2: 71. 1803 [19 Mar 1803] , information provided by Alan E. on email Oct. 12 2020 More details could be found in <a href=http://www.theplantlist.org/tpl1.1/record/ild-108",https://www.legumedata.org/taxonomy/taxon/2345956,The Fabaceae TEN - Legume Taxonomy Working Group,A,ild-10876,,FALSE,,,,,25897
Lespedza hirta,Lespedza hirta,FALSE,FALSE,FALSE,FALSE,TRUE,TRUE,1,36,2,wfo-0000173701,urn:lsid:ipni.org:names:30017567-2,19840,Lespedeza hirta,species,wfo-4000021455,(L.) Hornem.,Fabaceae,Papilionoideae,,,Lespedeza,,hirta,,species,Valid,Hort. Bot. Hafn. 2: 699 (1815),Accepted,,wfo-0000175969,NA,"Source in seed data: ildis Updated taxonomicstatus from Accepted to accepted, acceptedNameId from to null, [references] from http://www.theplantlist.org/tpl1.1/record/ild-19840, according to WCVP, information provided by Alan E. on email Dec 02 2020 More",https://www.legumedata.org/taxonomy/taxon/2345641,The Fabaceae TEN - Legume Taxonomy Working Group,A,ild-19840,,FALSE,,,,Accepted,25900
Lespedza intermedia,Lespedza intermedia,FALSE,FALSE,FALSE,FALSE,TRUE,TRUE,1,37,1,wfo-0000173705,urn:lsid:ipni.org:names:30033602-2,19844,Lespedeza violacea,species,wfo-4000021455,(L.) Pers.,Fabaceae,Papilionoideae,,,Lespedeza,,violacea,,species,Valid,Syn. Pl. 2: 318 (1807),Accepted,,wfo-0000175980,NA,"Source in seed data: ildis Updated scientificnameAuthorship from Pers. to (L.) Pers., information provided by Alan E. on email Oct. 12 2020 More details could be found in <a href=http://www.theplantlist.org/tpl1.1/record/ild-19844 >The Plant List v.1.1.<",https://www.legumedata.org/taxonomy/taxon/2345671,The Fabaceae TEN - Legume Taxonomy Working Group,A,ild-19844,,TRUE,Synonym,wfo-0000164448,Lespedeza intermedia,smallest ID,25914
Lespedza virginica,Lespedza virginica,FALSE,FALSE,FALSE,TRUE,TRUE,TRUE,1,38,1,wfo-0000164452,urn:lsid:ipni.org:names:138683-2,10881,Lespedeza virginica,species,wfo-4000021455,(L.) Britton,Fabaceae,Papilionoideae,,,Lespedeza,,virginica,,species,Valid,Trans. New York Acad. Sci. 12: 64 (1893),Accepted,,wfo-0000166795,NA,"Source in seed data: ildis Update namepublishedIn from to Trans. New York Acad. Sci. 12: 64 (1893), information provided by Alan E. on email Jun. 07 2021 More details could be found in <a href=http://www.theplantlist.org/tpl1.1/record/ild-10881 >The Plan",https://www.legumedata.org/taxonomy/taxon/2345709,The Fabaceae TEN - Legume Taxonomy Working Group,A,ild-10881,,FALSE,,,,,25915
Lilium philadelphium,Lilium philadelphium,FALSE,FALSE,FALSE,TRUE,TRUE,TRUE,1,39,1,wfo-0000677468,urn:lsid:ipni.org:names:537725-1,279881,Lilium philadelphicum,species,wfo-4000021746,L.,Liliaceae,,,,Lilium,,philadelphicum,,species,Valid,"Sp. Pl., ed. 2. : 435 (1762)",Accepted,,,NA,"Source in seed data: wcs Update namepublishedIn from Sp. Pl. ed. 2 435 1762 to Sp. Pl. ed. 2 : 435 (1762), information provided by Alan E. on email Jun. 07 2021 More details could be found in <a href=http://www.theplantlist.org/tpl1.1/record/kew-279881 >",https://powo.science.kew.org/taxon/urn:lsid:ipni.org:names:537725-1,"World Checklist of Vascular Plants. Facilitated by the Royal Botanic Gardens, Kew.",A,kew-279881,,FALSE,,,,,503459
Lilium tigrum,Lilium tigrum,FALSE,FALSE,FALSE,TRUE,TRUE,TRUE,1,40,1,wfo-0000767712,urn:lsid:ipni.org:names:535082-1,306541,Fritillaria camschatcensis,species,wfo-4000015067,(L.) Ker Gawl.,Liliaceae,,,,Fritillaria,,camschatcensis,,species,Valid,Bot. Mag.  30: t. 1216 (1809),Accepted,,wfo-0000684834,NA,"Source in seed data: wcs Updated scientificnameAuthorship from (L.) Ker Gawl. to Ker Gawl., information provided by Alan E. on email Oct. 12 2020 More details could be found in <a href=http://www.theplantlist.org/tpl1.1/record/kew-306541 >The Plant List ",https://powo.science.kew.org/taxon/urn:lsid:ipni.org:names:535082-1,"World Checklist of Vascular Plants. Facilitated by the Royal Botanic Gardens, Kew.",A,kew-306541,,TRUE,Synonym,wfo-0000679128,Lilium nigrum,,502671
Lonicera semperviens,Lonicera semperviens,FALSE,FALSE,FALSE,TRUE,TRUE,TRUE,1,41,1,wfo-0001290705,urn:lsid:ipni.org:names:30080890-2,6000257,Lonicera sempervirens,species,wfo-4000022170,L.,Caprifoliaceae,,,,Lonicera,,sempervirens,,species,Valid,Sp. Pl. : 173 (1753),Accepted,,,NA,"Source in seed data: tro Update namepublishedIn from Sp. Pl. 1: 173 1753 to Sp. Pl. : 173 (1753), information provided by Alan E. on email Jun. 07 2021 More details could be found in <a href=http://www.theplantlist.org/tpl1.1/record/tro-6000257 >The Plan",http://www.theplantlist.org/tpl1.1/record/tro-6000257,The Dipsacales TEN,A,tro-6000257,,FALSE,,,,,35303
Lonicera tartarica,Lonicera tartarica,FALSE,FALSE,FALSE,TRUE,TRUE,TRUE,1,42,1,wfo-0000360195,urn:lsid:ipni.org:names:149131-1,480276,Lonicera tatarica,species,wfo-4000022170,L.,Caprifoliaceae,,,,Lonicera,,tatarica,,species,Valid,Sp. Pl. : 173 (1753),Accepted,,,NA,"Source in seed data: cmp Update namepublishedIn from Sp. Pl. 173 1753 to Sp. Pl. : 173 (1753), information provided by Alan E. on email Jun. 07 2021 More details could be found in <a href=http://www.theplantlist.org/tpl1.1/record/kew-2340703 >The Plant L",http://www.theplantlist.org/tpl1.1/record/kew-2340703,The Dipsacales TEN,A,kew-2340703,,FALSE,,,,,35306
Lotus corniculatus,Lotus  corniculatus,TRUE,FALSE,FALSE,TRUE,TRUE,FALSE,NA,43,1,wfo-0000212180,urn:lsid:ipni.org:names:30179739-2,7260,Lotus corniculatus,species,wfo-4000022302,L.,Fabaceae,Papilionoideae,,,Lotus,,corniculatus,,species,Valid,Sp. Pl. : 775 (1753),Accepted,,,NA,"Source in seed data: ildis Update namepublishedIn from to Sp. Pl. : 775 (1753), information provided by Alan E. on email Jun. 07 2021 More details could be found in <a href=http://www.theplantlist.org/tpl1.1/record/ild-7260 >The Plant List v.1.1.</a> Ori",https://www.legumedata.org/taxonomy/taxon/2345329,The Fabaceae TEN - Legume Taxonomy Working Group,A,ild-7260,,FALSE,,,,,26362
Lysimachia thrysiflora,Lysimachia thrysiflora,FALSE,FALSE,FALSE,FALSE,TRUE,TRUE,2,44,1,wfo-0000442400,urn:lsid:ipni.org:names:148161-2,628948,Lysimachia thyrsiflora,species,wfo-4000022565,L.,Primulaceae,,,,Lysimachia,,thyrsiflora,,species,Valid,Sp. Pl. : 147 (1753),Accepted,,,NA,"Source in seed data: cmp Update namepublishedIn from Sp. Pl. 147 1753 to Sp. Pl. : 147 (1753), information provided by Alan E. on email Jun. 07 2021 More details could be found in <a href=http://www.theplantlist.org/tpl1.1/record/kew-2492247 >The Plant L",https://powo.science.kew.org/taxon/urn:lsid:ipni.org:names:148161-2,"World Checklist of Vascular Plants. Facilitated by the Royal Botanic Gardens, Kew.",A,kew-2492247,,FALSE,,,,Accepted,24000
Matricaria matricariodes,Matricaria matricariodes,FALSE,FALSE,FALSE,TRUE,TRUE,TRUE,1,45,1,wfo-0000001305,urn:lsid:ipni.org:names:154728-2,GCC-7B3D4600-5858-40DF-BAC4-9C667F85E05A,Matricaria matricarioides,species,wfo-4000023328,(Less.) Porter,Asteraceae,Asteroideae,Anthemideae,,Matricaria,,matricarioides,,species,Valid,Mem. Torrey Bot. Club 5: 341 (1894),Accepted,,wfo-0000138100,NA,"Source in seed data: gcc Updated scientificnameAuthorship from (Less.) Porter ex Britton to (Less.) Porter, information provided by Alan E. on email Oct. 12 2020 More details could be found in <a href=http://www.theplantlist.org/tpl1.1/record/gcc-101252 ",https://www.compositae.org/gcd/aphia.php?p=taxdetails&id=1102786,The Asteraceaae TEN,A,gcc-101252,,FALSE,,,,,38077
Nuphar microphyllum,Nuphar microphyllum,FALSE,FALSE,FALSE,TRUE,TRUE,TRUE,2,46,1,wfo-0001086843,urn:lsid:ipni.org:names:171086-2,22600002,Nuphar microphylla,species,wfo-4000026383,Fernald,Nymphaeaceae,,,,Nuphar,,microphylla,,species,Valid,Rhodora  19: 111 (1917),Accepted,,wfo-0001086917,NA,"Source in seed data: tro Updated scientificnameAuthorship from (Pers.) Fernald to Fernald, information provided by Alan E. on email Oct. 12 2020 More details could be found in <a href=http://www.theplantlist.org/tpl1.1/record/tro-22600002 >The Plant List",https://powo.science.kew.org/taxon/urn:lsid:ipni.org:names:171086-2,"World Checklist of Vascular Plants. Facilitated by the Royal Botanic Gardens, Kew.",A,tro-22600002,,FALSE,,,,,517574
Nuphar variegatum,Nuphar variegatum,FALSE,FALSE,FALSE,TRUE,TRUE,TRUE,2,47,1,wfo-0001086877,urn:lsid:ipni.org:names:1117161-2,22600101,Nuphar variegata,species,wfo-4000026383,Engelm. ex Durand,Nymphaeaceae,,,,Nuphar,,variegata,,species,Valid,Rep. (Annual) Regents Univ. State New York State Cab. Nat. Hist.  19: 73 (1866),Accepted,,,NA,"Source in seed data: tro Update namepublishedIn from Rep. (Annual) Regents Univ. State New York State Cab. Nat. Hist. 19: 73. 1866 to Rep. (Annual) Regents Univ. State New York State Cab. Nat. Hist. 19: 73 (1866), information provided by Alan E. on email",https://powo.science.kew.org/taxon/urn:lsid:ipni.org:names:1117161-2,"World Checklist of Vascular Plants. Facilitated by the Royal Botanic Gardens, Kew.",A,tro-22600101,,FALSE,,,,,517583
Parietaria pensylvania,Parietaria pensylvania,FALSE,FALSE,FALSE,TRUE,TRUE,TRUE,1,48,1,wfo-0000473229,urn:lsid:ipni.org:names:183216-2,682252,Parietaria pensylvanica,species,wfo-4000028202,Muhl. ex Willd.,Urticaceae,,,,Parietaria,,pensylvanica,,species,Valid,"Sp. Pl., ed. 4 , 4: 955 (1806)",Accepted,,,NA,"Source in seed data: cmp Update namepublishedIn from Sp. Pl. 4: 955 1806 to Sp. Pl., ed. 4 , 4: 955 (1806), information provided by Alan E. on email Jun. 07 2021 More details could be found in <a href=http://www.theplantlist.org/tpl1.1/record/kew-2546420",https://powo.science.kew.org/taxon/urn:lsid:ipni.org:names:183216-2,"World Checklist of Vascular Plants. Facilitated by the Royal Botanic Gardens, Kew.",A,kew-2546420,,FALSE,,,,,19169
Peltandra virginiana,Peltandra virginiana,FALSE,FALSE,FALSE,FALSE,TRUE,TRUE,2,49,1,wfo-0000266706,urn:lsid:ipni.org:names:30050019-2,149727,Peltandra virginica,species,wfo-4000028490,(L.) Schott,Araceae,,,,Peltandra,,virginica,,species,Valid,Melet. Bot. : 19 (1832),Accepted,,wfo-0000281818,NA,"Source in seed data: wcs Updated scientificnameAuthorship from (L.) Schott to (L.) Raf. ex Schott, information provided by Alan E. on email Oct. 12 2020 More details could be found in <a href=http://www.theplantlist.org/tpl1.1/record/kew-149727 >The Plan",https://powo.science.kew.org/taxon/urn:lsid:ipni.org:names:87608-1,"World Checklist of Vascular Plants. Facilitated by the Royal Botanic Gardens, Kew.",A,kew-149727,,FALSE,,,,Accepted,42534
Plantago rugelli,Plantago rugelli,FALSE,FALSE,FALSE,TRUE,TRUE,TRUE,1,50,1,wfo-0001094845,urn:lsid:ipni.org:names:685608-1,25200065,Plantago rugelii,species,wfo-4000030044,Decne.,Plantaginaceae,,,,Plantago,,rugelii,,species,Valid,Prodr. 13(1): 700 (1852),Accepted,,,NA,"Source in seed data: tro Update namepublishedIn from Prodr. 13(1): 700 1852 to Prodr. 13(1): 700 (1852), information provided by Alan E. on email Jun. 07 2021 More details could be found in <a href=http://www.theplantlist.org/tpl1.1/record/tro-25200065 >",https://powo.science.kew.org/taxon/urn:lsid:ipni.org:names:685608-1,"World Checklist of Vascular Plants. Facilitated by the Royal Botanic Gardens, Kew.",A,tro-25200065,,FALSE,,,,,504439
Pogonia ophioglossiodes,Pogonia  ophioglossiodes,TRUE,FALSE,FALSE,TRUE,TRUE,TRUE,2,51,1,wfo-0000279548,urn:lsid:ipni.org:names:1089332-2,161992,Pogonia ophioglossoides,species,wfo-4000030573,(L.) Ker Gawl.,Orchidaceae,,,,Pogonia,,ophioglossoides,,species,Valid,Bot. Reg. 2: t. 148 (1816),Accepted,,wfo-0000264040,NA,"Source in seed data: wcs Update namepublishedIn from Bot. Reg. 2: t. 148 1816 to Bot. Reg. 2: t. 148 (1816), information provided by Alan E. on email Jun. 07 2021 More details could be found in <a href=http://www.theplantlist.org/tpl1.1/record/kew-161992",https://powo.science.kew.org/taxon/urn:lsid:ipni.org:names:1089332-2,"World Checklist of Vascular Plants. Facilitated by the Royal Botanic Gardens, Kew.",A,kew-161992,,FALSE,,,,,43441
Polygala pauciflora,Polygala pauciflora,FALSE,FALSE,FALSE,FALSE,TRUE,FALSE,NA,52,2,wfo-0001100533,urn:lsid:ipni.org:names:690883-1,25900824,"
Polygala paucifolia",species,wfo-4000024988,DC.,Polygalaceae,,,,Muraltia,,pauciflora,,species,Valid,Prodr. 1: 337 (1824),Accepted,,,NA,"Source in seed data: tro Updated scientificnameAuthorship from (Thunb.) DC. to DC., information provided by Alan E. on email Oct. 12 2020 More details could be found in <a href=http://www.theplantlist.org/tpl1.1/record/tro-25900824 >The Plant List v.1.1.",http://www.theplantlist.org/tpl1.1/record/tro-25900824,"World Checklist of Vascular Plants. Facilitated by the Royal Botanic Gardens, Kew.",A,tro-25900824,,TRUE,Synonym,wfo-0000477359,Polygala pauciflora,Accepted,NA
Polygonum caryeyi,Polygonum caryeyi,FALSE,FALSE,FALSE,TRUE,TRUE,TRUE,1,53,1,wfo-0000489752,urn:lsid:ipni.org:names:695525-1,708791,Polygonum careyi,species,wfo-4000030745,Olney,Polygonaceae,,,,Polygonum,,careyi,,species,Valid,Proc. Providence Franklin Soc. 1: 29 (1847),Accepted,,,NA,"Source in seed data: cmp Update namepublishedIn from Proc. Providence Franklin Soc. 1: 29 1847 to Proc. Providence Franklin Soc. 1: 29 (1847), information provided by Alan E. on email Jun. 07 2021 More details could be found in <a href=http://www.theplan",http://www.theplantlist.org/tpl1.1/record/kew-2574819,The Caryophyllales TEN -The Caryophyllales Network,A,kew-2574819,,FALSE,,,,,20851
Raphanus raphanistrum,Raphanus  raphanistrum,TRUE,FALSE,FALSE,TRUE,TRUE,FALSE,NA,54,1,wfo-0000402425,urn:lsid:ipni.org:names:217826-2,560470,Raphanus raphanistrum,species,wfo-4000032557,L.,Brassicaceae,,,,Raphanus,,raphanistrum,,species,Valid,Sp. Pl. : 669 (1753),Accepted,,,NA,"Source in seed data: cmp Update namepublishedIn from Sp. Pl. 669 1753 to Sp. Pl. : 669 (1753), information provided by Alan E. on email Jun. 07 2021 More details could be found in <a href=http://www.theplantlist.org/tpl1.1/record/kew-2422367 >The Plant L",http://www.theplantlist.org/tpl1.1/record/kew-2422367,"World Checklist of Vascular Plants. Facilitated by the Royal Botanic Gardens, Kew.",A,kew-2422367,,FALSE,,,,,23289
Rhamnus fragularia,Rhamnus fragularia,FALSE,FALSE,FALSE,TRUE,FALSE,FALSE,NA,55,1,NA,NA,NA,NA,NA,NA,NA,NA,NA,NA,NA,NA,NA,NA,NA,NA,NA,NA,NA,,NA,NA,NA,NA,NA,NA,NA,,FALSE,,,,,53
Roripa islandica,Roripa islandica,FALSE,FALSE,FALSE,TRUE,TRUE,TRUE,1,56,1,wfo-0000399609,urn:lsid:ipni.org:names:288759-1,555491,Rorippa islandica,species,wfo-4000033475,(Oeder) Borbás,Brassicaceae,,,,Rorippa,,islandica,,species,Valid,Balaton Fl. : 392 (1900),Accepted,,wfo-0000431926,NA,"Source in seed data: cmp Update namepublishedIn from Balaton Fl. 392 1900 to Balaton Fl. : 392 (1900), information provided by Alan E. on email Jun. 07 2021 More details could be found in <a href=http://www.theplantlist.org/tpl1.1/record/kew-2417297 >The",http://www.theplantlist.org/tpl1.1/record/kew-2417297,"World Checklist of Vascular Plants. Facilitated by the Royal Botanic Gardens, Kew.",A,kew-2417297,,FALSE,,,,,22992
Scutellaria laterifolia,Scutellaria laterifolia,FALSE,FALSE,FALSE,TRUE,FALSE,FALSE,NA,57,1,NA,NA,NA,NA,NA,NA,NA,NA,NA,NA,NA,NA,NA,NA,NA,NA,NA,NA,NA,,NA,NA,NA,NA,NA,NA,NA,,FALSE,,,,,53
Sedum telephiodes,Sedum telephiodes,FALSE,FALSE,FALSE,TRUE,TRUE,TRUE,1,58,1,wfo-0001299718,urn:lsid:ipni.org:names:274225-1,8901295,Hylotelephium telephioides,species,wfo-4000018627,(Michx.) H.Ohba,Crassulaceae,,,,Hylotelephium,,telephioides,,species,Valid,Bot. Mag. (Tokyo) 90: 53 (1977),Accepted,,,NA,"Source in seed data: tro Update namepublishedIn from Bot. Mag. (Tokyo) 90(1017): 53. 1977 to Bot. Mag. (Tokyo) 90: 53 (1977), information provided by Alan E. on email Jun. 07 2021 More details could be found in <a href=http://www.theplantlist.org/tpl1.1/",http://www.theplantlist.org/tpl1.1/record/tro-8901295,"World Checklist of Vascular Plants. Facilitated by the Royal Botanic Gardens, Kew.",A,tro-8901295,,TRUE,Synonym,wfo-0001299806,Sedum telephioides,,565232
Sium sauve,Sium sauve,FALSE,FALSE,FALSE,TRUE,TRUE,TRUE,2,59,1,wfo-0000431479,urn:lsid:ipni.org:names:849061-1,610793,Sium suave,species,wfo-4000035568,Walter,Apiaceae,,,,Sium,,suave,,species,Valid,Fl. Carol. : 115 (1788),Accepted,,,NA,"Source in seed data: cmp Update namepublishedIn from Fl. Carol. 115 1788 to Fl. Carol. : 115 (1788), information provided by Alan E. on email Jun. 07 2021 More details could be found in <a href=http://www.theplantlist.org/tpl1.1/record/kew-2473874 >The P",http://www.theplantlist.org/tpl1.1/record/kew-2473874,"World Checklist of Vascular Plants. Facilitated by the Royal Botanic Gardens, Kew.",A,kew-2473874,,FALSE,,,,,29558
Sparganium androcladium,Sparganium androcladium,FALSE,FALSE,FALSE,TRUE,TRUE,TRUE,1,60,1,wfo-0000553776,urn:lsid:ipni.org:names:241068-2,266016,Sparganium androcladum,species,wfo-4000035857,(Engelm.) Morong,Typhaceae,,,,Sparganium,,androcladum,,species,Valid,Bull. Torrey Bot. Club  15: 78 (1888),Accepted,,wfo-0000554139,NA,"Source in seed data: wcs Updated scientificnameAuthorship from (Engelm.) Morong to Morong, information provided by Alan E. on email Oct. 12 2020 More details could be found in <a href=http://www.theplantlist.org/tpl1.1/record/kew-266016 >The Plant List v",https://powo.science.kew.org/taxon/urn:lsid:ipni.org:names:241068-2,"World Checklist of Vascular Plants. Facilitated by the Royal Botanic Gardens, Kew.",A,kew-266016,,FALSE,,,,,42320
Thallictrum dasycarpum,Thallictrum dasycarpum,FALSE,FALSE,FALSE,TRUE,TRUE,TRUE,1,61,1,wfo-0000453968,urn:lsid:ipni.org:names:714364-1,648806,Thalictrum dasycarpum,species,wfo-4000038055,"Fisch., C.A.Mey. & Avé-Lall.",Ranunculaceae,,,,Thalictrum,,dasycarpum,,species,Valid,"Index Seminum (LE, Petropolitanus) 8: 72 (1842)",Accepted,,,NA,"Source in seed data: cmp Update namepublishedIn from Index Seminum (LE) 8: 72 1842 to Index Seminum (LE, Petropolitanus) 8: 72 (1842), information provided by Alan E. on email Jun. 07 2021 More details could be found in <a href=http://www.theplantlist.or",http://www.theplantlist.org/tpl1.1/record/kew-2512534,"World Checklist of Vascular Plants. Facilitated by the Royal Botanic Gardens, Kew.",A,kew-2512534,,FALSE,,,,,18667
Thallictrum dioicum,Thallictrum dioicum,FALSE,FALSE,FALSE,TRUE,TRUE,TRUE,1,62,1,wfo-0001129464,urn:lsid:ipni.org:names:714379-1,27100843,Thalictrum dioicum,species,wfo-4000038055,L.,Ranunculaceae,,,,Thalictrum,,dioicum,,species,Valid,Sp. Pl. : 545 (1753),Accepted,,,NA,"Source in seed data: tro Update namepublishedIn from Sp. Pl. 1: 545–546 1753 to Sp. Pl. : 545 (1753), information provided by Alan E. on email Jun. 07 2021 More details could be found in <a href=http://www.theplantlist.org/tpl1.1/record/tro-27100843 >T",http://www.theplantlist.org/tpl1.1/record/tro-27100843,"World Checklist of Vascular Plants. Facilitated by the Royal Botanic Gardens, Kew.",A,tro-27100843,,FALSE,,,,,18669
Thallictrum polygamum,Thallictrum polygamum,FALSE,FALSE,FALSE,TRUE,TRUE,TRUE,1,63,1,wfo-0001129471,urn:lsid:ipni.org:names:714782-1,27100851,Thalictrum pubescens,species,wfo-4000038055,Pursh,Ranunculaceae,,,,Thalictrum,,pubescens,,species,Valid,Fl. Amer. Sept. 2: 388 (1813),Accepted,,,NA,"Source in seed data: tro Update namepublishedIn from Fl. Amer. Sept. 2: 388–389 1814 to Fl. Amer. Sept. 2: 388 (1813), information provided by Alan E. on email Jun. 07 2021 More details could be found in <a href=http://www.theplantlist.org/tpl1.1/recor",https://powo.science.kew.org/taxon/urn:lsid:ipni.org:names:714782-1,"World Checklist of Vascular Plants. Facilitated by the Royal Botanic Gardens, Kew.",A,tro-27100851,,TRUE,Synonym,wfo-0001129744,Thalictrum polygamum,,18678
Trillium grandiflorum,Trillium  grandiflorum,TRUE,FALSE,FALSE,TRUE,TRUE,FALSE,NA,64,1,wfo-0000751101,urn:lsid:ipni.org:names:542553-1,290665,Trillium grandiflorum,species,wfo-4000039193,(Michx.) Salisb.,Melanthiaceae,,,,Trillium,,grandiflorum,,species,Valid,Parad. Lond. 1: t. 1 (1805),Accepted,,wfo-0000753404,NA,"Source in seed data: wcs Update namepublishedIn from Parad. Lond. t. 1 1805 to Parad. Lond. 1: t. 1 (1805), information provided by Alan E. on email Jun. 07 2021 More details could be found in <a href=http://www.theplantlist.org/tpl1.1/record/kew-290665 ",https://powo.science.kew.org/taxon/urn:lsid:ipni.org:names:542553-1,"World Checklist of Vascular Plants. Facilitated by the Royal Botanic Gardens, Kew.",A,kew-290665,,FALSE,,,,,43074
Triostemum aurantiacum,Triostemum aurantiacum,FALSE,FALSE,FALSE,TRUE,TRUE,TRUE,1,65,1,wfo-0001290748,urn:lsid:ipni.org:names:258558-2,6000332,Triosteum aurantiacum,species,wfo-4000039244,E.P.Bicknell,Caprifoliaceae,,,,Triosteum,,aurantiacum,,species,Valid,Torreya 1: 26 (1901),Accepted,,,NA,"Source in seed data: tro Update namepublishedIn from Torreya 1(3): 26–28 1901 to Torreya 1: 26 (1901), information provided by Alan E. on email Jun. 07 2021 More details could be found in <a href=http://www.theplantlist.org/tpl1.1/record/tro-6000332 >T",http://www.theplantlist.org/tpl1.1/record/tro-6000332,The Dipsacales TEN,A,tro-6000332,,FALSE,,,,,505596
Uvularia sessifolia,Uvularia sessifolia,FALSE,FALSE,FALSE,TRUE,TRUE,TRUE,2,66,1,wfo-0000751338,urn:lsid:ipni.org:names:543416-1,290892,Uvularia sessilifolia,species,wfo-4000039919,L.,Colchicaceae,,,,Uvularia,,sessilifolia,,species,Valid,Sp. Pl. : 304 (1753),Accepted,,,NA,"Source in seed data: wcs Update namepublishedIn from Sp. Pl. 304 1753 to Sp. Pl. : 304 (1753), information provided by Alan E. on email Jun. 07 2021 More details could be found in <a href=http://www.theplantlist.org/tpl1.1/record/kew-290892 >The Plant Li",https://powo.science.kew.org/taxon/urn:lsid:ipni.org:names:543416-1,"World Checklist of Vascular Plants. Facilitated by the Royal Botanic Gardens, Kew.",A,kew-290892,,FALSE,,,,,43112
Veronica chaemaedrys,Veronica chaemaedrys,FALSE,FALSE,FALSE,TRUE,TRUE,TRUE,1,67,2,wfo-0000419437,urn:lsid:ipni.org:names:811804-1,591164,Veronica chamaedrys,species,wfo-4000040171,L.,Plantaginaceae,,,,Veronica,,chamaedrys,,species,Valid,Sp. Pl. : 13 (1753),Accepted,,,NA,"Source in seed data: cmp Update namepublishedIn from Sp. Pl. 1: 13. 1753 [1 May 1753] to Sp. Pl. : 13 (1753), information provided by Alan E. on email Jun. 07 2021 More details could be found in <a href=http://www.theplantlist.org/tpl1.1/record/kew-24536",https://powo.science.kew.org/taxon/urn:lsid:ipni.org:names:811804-1,"World Checklist of Vascular Plants. Facilitated by the Royal Botanic Gardens, Kew.",A,kew-2453651,,FALSE,,,,,33414
Aronia,Aronia sp.,FALSE,FALSE,FALSE,FALSE,TRUE,FALSE,NA,68,1,wfo-4000003109,urn:lsid:ipni.org:names:331370-2,40019834,Aronia,genus,wfo-7000000532,Medik.,Rosaceae,,,,Aronia,,,,genus,Conserved,Philos. Bot.  1: 155 (1789),Accepted,,,NA,"Source in seed data: TPL1.1 Update namepublishedIn from Philos. Bot. 1: 140, 155. 1789. to Philos. Bot. 1: 155 (1789), information provided by Alan E. on email Jun. 07 2021 More details could be found in <a href=http://www.theplantlist.org/1.1/browse/A/R",https://powo.science.kew.org/taxon/urn:lsid:ipni.org:names:331370-2,"World Checklist of Vascular Plants. Facilitated by the Royal Botanic Gardens, Kew.",A,,,FALSE,,,,Not a synonym,25125
Populus grandidentata,Populus  grandidentata,TRUE,FALSE,FALSE,TRUE,TRUE,FALSE,NA,69,1,wfo-0000928328,urn:lsid:ipni.org:names:208297-2,1032087,Populus grandidentata,species,wfo-4000030925,Michx.,Salicaceae,,,,Populus,,grandidentata,,species,Valid,Fl. Bor.-Amer. 2: 243 (1803),Accepted,,,NA,"Source in seed data: cmp Update namepublishedIn from Fl. Bor.-Amer. (Michaux) 2: 243. 1803 [19 Mar 1803] to Fl. Bor.-Amer. 2: 243 (1803), information provided by Alan E. on email Jun. 07 2021 More details could be found in <a href=http://www.theplantlist",http://www.theplantlist.org/tpl1.1/record/kew-5000420,"World Checklist of Vascular Plants. Facilitated by the Royal Botanic Gardens, Kew.",A,kew-5000420,,FALSE,,,,,22463
Populus tremuloides,Populus  tremuloides,TRUE,FALSE,FALSE,TRUE,TRUE,FALSE,NA,70,1,wfo-0000928260,urn:lsid:ipni.org:names:208337-2,1031961,Populus tremuloides,species,wfo-4000030925,Michx.,Salicaceae,,,,Populus,,tremuloides,,species,Valid,Fl. Bor.-Amer. 2: 243 (1803),Accepted,,,NA,"Source in seed data: cmp Update namepublishedIn from Fl. Bor.-Amer. 2: 243 1803 to Fl. Bor.-Amer. 2: 243 (1803), information provided by Alan E. on email Jun. 07 2021 More details could be found in <a href=http://www.theplantlist.org/tpl1.1/record/kew-50",http://www.theplantlist.org/tpl1.1/record/kew-5000290,"World Checklist of Vascular Plants. Facilitated by the Royal Botanic Gardens, Kew.",A,kew-5000290,,FALSE,,,,,195773
Ilex laevigatus,Ilex laevigatus,FALSE,FALSE,FALSE,TRUE,TRUE,TRUE,2,71,1,wfo-0001078498,urn:lsid:ipni.org:names:30345133-2,2000231,Ilex laevigata,species,wfo-4000018994,(Pursh) A.Gray,Aquifoliaceae,,,,Ilex,,laevigata,,species,Valid,"Manual (Gray), ed. 2. 264. 1856 [ca. 1 Sep 1856]",Accepted,,wfo-0001252573,NA,"Source in seed data: tro Updated namepublishedIn from Manual (ed. 2) 264 1856 to Manual (Gray), ed. 2. 264. 1856 [ca. 1 Sep 1856] , information provided by Alan E. on email Oct. 12 2020 More details could be found in <a href=http://www.theplantlist.org/t",http://www.theplantlist.org/tpl1.1/record/tro-2000231,The Aquifoliaceae TEN,A,tro-2000231,,FALSE,,,,,28000
Maianthemum canadensis,Maianthemum canadensis,FALSE,FALSE,FALSE,TRUE,TRUE,TRUE,2,72,1,wfo-0000691281,urn:lsid:ipni.org:names:538030-1,281332,Maianthemum canadense,species,wfo-4000022886,Desf.,Asparagaceae,,,,Maianthemum,,canadense,,species,Valid,Ann. Mus. Natl. Hist. Nat. 9: 54 (1807),Accepted,,,NA,"Source in seed data: wcs Update namepublishedIn from Ann. Mus. Natl. Hist. Nat. 9: 54 1807 to Ann. Mus. Natl. Hist. Nat. 9: 54 (1807), information provided by Alan E. on email Jun. 07 2021 More details could be found in <a href=http://www.theplantlist.or",http://www.theplantlist.org/tpl1.1/record/kew-281332,"World Checklist of Vascular Plants. Facilitated by the Royal Botanic Gardens, Kew.",A,kew-281332,,FALSE,,,,,503653
Ailanthus glandulosus,Ailanthus glandulosus,FALSE,FALSE,FALSE,TRUE,TRUE,TRUE,2,73,1,wfo-0001243931,urn:lsid:ipni.org:names:77227884-1,50126868,Ailanthus altissima,variety,wfo-0000524599,,Simaroubaceae,,,,Ailanthus,,altissima,altissima,variety,Valid,Unknown,Accepted,,,NA,Source in seed data: tro More details could be found in <a href=http://www.theplantlist.org/tpl1.1/record/tro-50126868 >The Plant List v.1.1.</a> Originally in <a href=http://www.theplantlist.org/tpl/record/tro-50126868 >The Plant List v.1.0</a>,https://powo.science.kew.org/taxon/urn:lsid:ipni.org:names:77227884-1,"World Checklist of Vascular Plants. Facilitated by the Royal Botanic Gardens, Kew.",A,tro-50126868,,TRUE,Synonym,wfo-0000524618,Ailanthus glandulosa,,28827
Aspidium acrostichoides,Aspidium acrostichoides,FALSE,FALSE,FALSE,TRUE,TRUE,FALSE,NA,74,1,wfo-0001109261,urn:lsid:ipni.org:names:17205300-1,26602423,Polystichum acrostichoides,species,wfo-4000030832,(Michx.) Schott,Dryopteridaceae,Dryopteridoideae,,,Polystichum,,acrostichoides,,species,Valid,Gen. Fil. [Schott] ad t.9. 1834 ; & NPfl. 190,Accepted,,wfo-0001110566,NA,"Source in seed data: tro Updated namepublishedIn from Gen. Fil. sub pl. 9 1834 to Gen. Fil. [Schott] ad t.9. 1834 ; & NPfl. 190, information provided by Alan E. on email Oct. 12 2020 More details could be found in <a href=http://www.theplantlist.org/tpl1",http://www.theplantlist.org/tpl1.1/record/tro-26602423,"World Checklist of Vascular Plants. Facilitated by the Royal Botanic Gardens, Kew.",Polypodiophyta,tro-26602423,,TRUE,Synonym,wfo-0001110563,Aspidium acrostichoides,,17675
Aspidium cristatum,Aspidium cristatum,FALSE,FALSE,FALSE,FALSE,TRUE,FALSE,NA,75,1,wfo-0001107299,urn:lsid:ipni.org:names:17093920-1,26600145,Dryopteris cristata,species,wfo-4000012657,(L.) A.Gray,Dryopteridaceae,Dryopteridoideae,,,Dryopteris,,cristata,,species,Valid,Manual (Gray) 631. 1848,Accepted,,wfo-0001110525,NA,"Source in seed data: tro Updated namepublishedIn from Manual 631 1848 to Manual (Gray) 631. 1848 , information provided by Alan E. on email Oct. 12 2020 More details could be found in <a href=http://www.theplantlist.org/tpl1.1/record/tro-26600145 >The Pl",http://www.theplantlist.org/tpl1.1/record/tro-26600145,"World Checklist of Vascular Plants. Facilitated by the Royal Botanic Gardens, Kew.",Polypodiophyta,tro-26600145,,TRUE,Synonym,wfo-0001110269,Aspidium cristatum,smallest ID,17531
Aspidium marginale,Aspidium marginale,FALSE,FALSE,FALSE,TRUE,TRUE,FALSE,NA,76,1,wfo-0001107306,urn:lsid:ipni.org:names:30064660-2,26600153,Dryopteris marginalis,species,wfo-4000012657,(L.) A.Gray,Dryopteridaceae,Dryopteridoideae,,,Dryopteris,,marginalis,,species,Valid,Manual (Gray) 632. 1848 [10 Feb 1848],Accepted,,wfo-0001110521,NA,"Source in seed data: tro Updated namepublishedIn from Manual 632 1848 to Manual (Gray) 632. 1848 [10 Feb 1848] , information provided by Alan E. on email Oct. 12 2020 More details could be found in <a href=http://www.theplantlist.org/tpl1.1/record/tro-26",http://www.theplantlist.org/tpl1.1/record/tro-26600153,"World Checklist of Vascular Plants. Facilitated by the Royal Botanic Gardens, Kew.",Polypodiophyta,tro-26600153,,TRUE,Synonym,wfo-0001110522,Aspidium marginale,,17541
Aspidium novaboracense,Aspidium novaboracense,FALSE,FALSE,FALSE,TRUE,TRUE,TRUE,1,77,1,wfo-0001109425,urn:lsid:ipni.org:names:17263040-1,26602617,Thelypteris noveboracensis,species,wfo-4000038147,Nieuwl.,Thelypteridaceae,Thelypteridoideae,,,Thelypteris,,noveboracensis,,species,Valid,Amer. Midl. Naturalist 1(8): 226. 1910 [15 Jun 1910],Accepted,,,NA,"Source in seed data: tro Updated scientificnameAuthorship from (L.) Nieuwl. to Nieuwl., information provided by Alan E. on email Oct. 12 2020 More details could be found in <a href=http://www.theplantlist.org/tpl1.1/record/tro-26602617 >The Plant List v.",http://www.theplantlist.org/tpl1.1/record/tro-26602617,"World Checklist of Vascular Plants. Facilitated by the Royal Botanic Gardens, Kew.",Polypodiophyta,tro-26602617,,TRUE,Synonym,wfo-0001110487,Aspidium noveboracense,,17261
Aspidium spinulosum,Aspidium spinulosum,FALSE,FALSE,FALSE,TRUE,TRUE,FALSE,NA,78,1,wfo-0001107298,urn:lsid:ipni.org:names:17390210-1,26600144,Dryopteris carthusiana,species,wfo-4000012657,(Vill.) H.P.Fuchs,Dryopteridaceae,Dryopteridoideae,,,Dryopteris,,carthusiana,,species,Valid,Bull. Soc. Bot. France 105: 339. 1959,Accepted,,wfo-0001118597,NA,"Source in seed data: tro Updated family from Polypodiaceae to Dryopteridaceae, information provided by Alan E. on email April 28, 2021 More details could be found in <a href=http://www.theplantlist.org/tpl1.1/record/tro-26600144 >The Plant List v.1.1.</a",http://www.theplantlist.org/tpl1.1/record/tro-26600144,"World Checklist of Vascular Plants. Facilitated by the Royal Botanic Gardens, Kew.",Polypodiophyta,tro-26600144,,TRUE,Synonym,wfo-0001111010,Aspidium spinulosum,,502157
Aspidium thelypteris,Aspidium thelypteris,FALSE,FALSE,FALSE,TRUE,TRUE,FALSE,NA,79,1,wfo-0001107441,urn:lsid:ipni.org:names:17226930-1,26600347,Thelypteris palustris,species,wfo-4000038147,Schott,Thelypteridaceae,Thelypteridoideae,,,Thelypteris,,palustris,,species,Valid,Gen. Fil. [Schott] ad t.10. 1834,Accepted,,,NA,"Source in seed data: tro Updated scientificnameAuthorship from (A.Gray) Schott to Schott, information provided by Alan E. on email Oct. 12 2020 More details could be found in <a href=http://www.theplantlist.org/tpl1.1/record/tro-26600347 >The Plant List ",https://powo.science.kew.org/taxon/urn:lsid:ipni.org:names:17226930-1,"World Checklist of Vascular Plants. Facilitated by the Royal Botanic Gardens, Kew.",Polypodiophyta,tro-26600347,,TRUE,Synonym,wfo-0001110490,Aspidium thelypteris,,17251
Asplenium filix-foemina,Asplenium filix-foemina,FALSE,FALSE,FALSE,TRUE,TRUE,TRUE,1,80,1,wfo-0001112807,urn:lsid:ipni.org:names:77186193-1,26607044,Athyrium filix-femina,subspecies,wfo-0001107233,,Aspleniaceae,,,,Athyrium,,filix-femina,filix-femina,subspecies,Valid,,Accepted,,,NA,Source in seed data: tro More details could be found in <a href=http://www.theplantlist.org/tpl1.1/record/tro-26607044 >The Plant List v.1.1.</a> Originally in <a href=http://www.theplantlist.org/tpl/record/tro-26607044 >The Plant List v.1.0</a>,https://powo.science.kew.org/taxon/urn:lsid:ipni.org:names:77186193-1,"World Checklist of Vascular Plants. Facilitated by the Royal Botanic Gardens, Kew.",Polypodiophyta,tro-26607044,,TRUE,Synonym,wfo-0001110190,Asplenium filix-femina,,17412
Asplenium thelypteroide,Asplenium thelypteroide,FALSE,FALSE,FALSE,TRUE,TRUE,TRUE,1,81,1,wfo-0001114364,urn:lsid:ipni.org:names:77978-2,26608777,Deparia acrostichoides,species,wfo-4000011154,(Sw.) M.Kato,Athyriaceae,,,,Deparia,,acrostichoides,,species,Valid,Ann. Carnegie Mus. 49: 177. 1980,Accepted,,wfo-0001110430,NA,"Source in seed data: tro Updated namepublishedIn from Ann. Carnegie Mus. 49(11): 177 1980 to Ann. Carnegie Mus. 49: 177. 1980 , information provided by Alan E. on email Oct. 12 2020 More details could be found in <a href=http://www.theplantlist.org/tpl1.",http://www.theplantlist.org/tpl1.1/record/tro-26608777,"World Checklist of Vascular Plants. Facilitated by the Royal Botanic Gardens, Kew.",Polypodiophyta,tro-26608777,,TRUE,Synonym,wfo-0000154964,Asplenium thelypteroides,,501994
Athyrium pycnocarpon,Athyrium pycnocarpon ,TRUE,FALSE,FALSE,TRUE,TRUE,FALSE,NA,82,1,wfo-0001114341,urn:lsid:ipni.org:names:123746-2,26608753,Diplazium pycnocarpon,species,wfo-4000018166,(Spreng.) Pic.Serm.,Diplaziopsidaceae,,,,Homalosorus,,pycnocarpos,,species,Valid,Webbia 31(1): 246. 1977,Accepted,,wfo-0001110435,NA,"Source in seed data: tro Updated family from Aspleniaceae to Diplaziopsidaceaeas per parentName family, information provided by Alan E. on email Dec. 16th 2020 More details could be found in <a href=http://www.theplantlist.org/tpl1.1/record/tro-26608753 ",https://powo.science.kew.org/taxon/urn:lsid:ipni.org:names:123746-2,"World Checklist of Vascular Plants. Facilitated by the Royal Botanic Gardens, Kew.",Polypodiophyta,tro-26608753,,TRUE,Synonym,wfo-0001109495,Athyrium pycnocarpon,,502095
Botrychium gracile,Botrychium gracile ,TRUE,FALSE,FALSE,TRUE,TRUE,FALSE,NA,83,1,wfo-0001111825,urn:lsid:ipni.org:names:77186264-1,26605941,Botrypus virginianus,subspecies,wfo-0001109063,,Ophioglossaceae,Botrychioideae,,,Botrychium,,virginianum,virginianum,subspecies,Valid,,Accepted,,,NA,Source in seed data: tro More details could be found in <a href=http://www.theplantlist.org/tpl1.1/record/tro-26605941 >The Plant List v.1.1.</a> Originally in <a href=http://www.theplantlist.org/tpl/record/tro-26605941 >The Plant List v.1.0</a>,https://powo.science.kew.org/taxon/urn:lsid:ipni.org:names:77186264-1,"World Checklist of Vascular Plants. Facilitated by the Royal Botanic Gardens, Kew.",Polypodiophyta,tro-26605941,,TRUE,Synonym,wfo-0001110636,Botrychium gracile,,1215036
Chamaecyparis sphaeroides,Chamaecyparis sphaeroides,FALSE,FALSE,FALSE,TRUE,TRUE,TRUE,1,84,1,wfo-0000599490,urn:lsid:ipni.org:names:54814-2,382860,Chamaecyparis thyoides,species,wfo-4000007586,"(L.) Britton, Sterns & Poggenb.",Cupressaceae,,,,Chamaecyparis,,thyoides,,species,Valid,Prelim. Cat. 71. (1888),Accepted,,wfo-0000630816,NA,"Source in seed data: wcs Update namepublishedIn from Prelim. Cat. 71 1888 to Prelim. Cat. : 71 (1888), information provided by Alan E. on email Jun. 07 2021 More details could be found in <a href=http://www.theplantlist.org/tpl1.1/record/kew-2715316 >The",https://padme.rbge.org.uk/wfo/wfo-0000599490,The Conifer TEN,Pinophyta,kew-2715316,,TRUE,Synonym,wfo-0000599484,Chamaecyparis sphaeroidea,,18046
Cystopteris bulbifera,Cystopteris bulbifera ,TRUE,FALSE,FALSE,TRUE,TRUE,FALSE,NA,85,1,wfo-0001109558,urn:lsid:ipni.org:names:17076360-1,26602771,Cystopteris bulbifera,species,wfo-4000010579,(L.) Bernh.,Cystopteridaceae,,,,Cystopteris,,bulbifera,,species,Valid,Neues J. Bot. 1(2): 10. 1806 ; & HB. 103. Chr. 281. NPfl. 164.,Accepted,,wfo-0001110205,NA,"Source in seed data: tro Updated namepublishedIn from Neues J. Bot. 1(2): 10 1806 to Neues J. Bot. 1(2): 10. 1806 ; & HB. 103. Chr. 281. NPfl. 164., information provided by Alan E. on email Oct. 12 2020 More details could be found in <a href=http://www.t",http://www.theplantlist.org/tpl1.1/record/tro-26602771,"World Checklist of Vascular Plants. Facilitated by the Royal Botanic Gardens, Kew.",Polypodiophyta,tro-26602771,,FALSE,,,,,17481
Cystopteris fragilis var.dentata,Cystopteris fragilis var.dentata,FALSE,FALSE,FALSE,TRUE,TRUE,TRUE,1,86,1,wfo-0001111187,urn:lsid:ipni.org:names:137772-3,26604941,Cystopteris fragilis,subspecies,wfo-0001107276,,Cystopteridaceae,,,,Cystopteris,,fragilis,fragilis,subspecies,Valid,Flora Tasmaniae 2 1859 [29 Dec 1859],Accepted,,,NA,"Source in seed data: tro Updated namepublishedin from Unknown to Flora Tasmaniae 2 1859 [29 Dec 1859] , information provided by Alan E. on email Jun. 07 2021 More details could be found in <a href=http://www.theplantlist.org/tpl1.1/record/tro-26604941 >T",https://powo.science.kew.org/taxon/urn:lsid:ipni.org:names:137772-3,"World Checklist of Vascular Plants. Facilitated by the Royal Botanic Gardens, Kew.",Polypodiophyta,tro-26604941,,TRUE,Synonym,wfo-0001232388,Cystopteris fragilis var. dentata,,17482
Dicksonia pilosiuscula,Dicksonia pilosiuscula,FALSE,FALSE,FALSE,TRUE,TRUE,FALSE,NA,87,1,wfo-0001107280,urn:lsid:ipni.org:names:30045598-2,26600125,Dennstaedtia punctilobula,species,wfo-4000011137,(Michx.) T.Moore,Dennstaedtiaceae,,,,Dennstaedtia,,punctilobula,,species,Valid,Index Fil. : xcvii (1857),Accepted,,wfo-0001110595,NA,"Source in seed data: tro Update namepublishedIn from Index Fil. xcvii 1857 to Index Fil. : xcvii (1857), information provided by Alan E. on email Jun. 07 2021 More details could be found in <a href=http://www.theplantlist.org/tpl1.1/record/tro-26600125 >",http://www.theplantlist.org/tpl1.1/record/tro-26600125,"World Checklist of Vascular Plants. Facilitated by the Royal Botanic Gardens, Kew.",Polypodiophyta,tro-26600125,,TRUE,Synonym,wfo-0001110596,Dicksonia pilosiuscula,,17491
Equisetum hymale,Equisetum hymale,FALSE,FALSE,FALSE,TRUE,TRUE,TRUE,1,88,1,wfo-0000748047,urn:lsid:ipni.org:names:92939-2,1024888,Equisetum hyemale,species,wfo-4000013663,L.,Equisetaceae,,,,Equisetum,,hyemale,,species,Valid,Sp. Pl. : 1062 (1753),Accepted,,,NA,"Source in seed data: cmp Update namepublishedIn from Sp. Pl. 2: 1062 1753 to Sp. Pl. : 1062 (1753), information provided by Alan E. on email Jun. 07 2021 More details could be found in <a href=http://www.theplantlist.org/tpl1.1/record/kew-2902170 >The Pl",http://www.theplantlist.org/tpl1.1/record/kew-2902170,"World Checklist of Vascular Plants. Facilitated by the Royal Botanic Gardens, Kew.",Polypodiophyta,kew-2902170,,FALSE,,,,,17154
Equisetum limosom,Equisetum limosom,FALSE,FALSE,FALSE,TRUE,TRUE,TRUE,1,89,1,wfo-0001108916,urn:lsid:ipni.org:names:30041462-2,26602005,Equisetum fluviatile,species,wfo-4000013663,L.,Equisetaceae,,,,Equisetum,,fluviatile,,species,Valid,Sp. Pl. : 1062 (1753),Accepted,,,NA,"Source in seed data: tro Update namepublishedIn from Sp. Pl. 2: 1062 1753 to Sp. Pl. : 1062 (1753), information provided by Alan E. on email Jun. 07 2021 More details could be found in <a href=http://www.theplantlist.org/tpl1.1/record/tro-26602005 >The P",http://www.theplantlist.org/tpl1.1/record/tro-26602005,"World Checklist of Vascular Plants. Facilitated by the Royal Botanic Gardens, Kew.",Polypodiophyta,tro-26602005,,TRUE,Synonym,wfo-0001110236,Equisetum limosum,,17150
Larix americana,Larix americana,FALSE,FALSE,FALSE,TRUE,TRUE,FALSE,NA,90,1,wfo-0000443246,urn:lsid:ipni.org:names:30017098-2,379072,Larix laricina,species,wfo-4000020607,(Du Roi) K.Koch,Pinaceae,,,,Larix,,laricina,,species,Valid,Dendrologie 2 (2): 263. (1873),Accepted,,wfo-0000481066,NA,"Source in seed data: wcs Updated majorGroup from A to G, information provided by Alan E. on email Nov. 08 2021 More details could be found in <a href=http://www.theplantlist.org/tpl1.1/record/kew-2493793 >The Plant List v.1.1.</a> Originally in <a href=h",https://padme.rbge.org.uk/wfo/wfo-0000443246,The Conifer TEN,Pinophyta,kew-2493793,,TRUE,Synonym,wfo-0000443382,Larix americana,,183412
Marsilia quadrifolia,Marsilia quadrifolia,FALSE,FALSE,FALSE,TRUE,TRUE,TRUE,1,91,1,wfo-0001109027,urn:lsid:ipni.org:names:17145350-1,26602150,Marsilea quadrifolia,species,wfo-4000023208,L.,Marsileaceae,,,,Marsilea,,quadrifolia,,species,Valid,Sp. Pl. : 1099 (1753),Accepted,,,NA,"Source in seed data: tro Update namepublishedIn from Sp. Pl. 2: 1099–1100 1753 to Sp. Pl. : 1099 (1753), information provided by Alan E. on email Jun. 07 2021 More details could be found in <a href=http://www.theplantlist.org/tpl1.1/record/tro-26602150",http://www.theplantlist.org/tpl1.1/record/tro-26602150,"World Checklist of Vascular Plants. Facilitated by the Royal Botanic Gardens, Kew.",Polypodiophyta,tro-26602150,,FALSE,,,,,17995
Osmunda cinnamomen,Osmunda cinnamomen,FALSE,FALSE,FALSE,TRUE,TRUE,TRUE,1,92,1,wfo-0001113307,urn:lsid:ipni.org:names:60447721-2,26607565,Osmundastrum cinnamomeum,species,wfo-4000027399,(L.) C.Presl,Osmundaceae,,,,Osmundastrum,,cinnamomeum,,species,Valid,Gefässbundel Farrn : 18 (1847),Accepted,,wfo-0001109065,NA,"Source in seed data: tro Update namepublishedIn from Gefässbüdel Farrn 18 1847 to Gefässbundel Farrn : 18 (1847), information provided by Alan E. on email Jun. 07 2021 More details could be found in <a href=http://www.theplantlist.org/tpl1.1/record/tr",http://www.theplantlist.org/tpl1.1/record/tro-26607565,"World Checklist of Vascular Plants. Facilitated by the Royal Botanic Gardens, Kew.",Polypodiophyta,tro-26607565,,TRUE,Synonym,wfo-0001109065,Osmunda cinnamomea,,1012094
Picea alba,Picea alba,FALSE,FALSE,FALSE,TRUE,TRUE,FALSE,NA,93,1,wfo-0000482539,urn:lsid:ipni.org:names:195874-2,380651,Picea glauca,species,wfo-4000029600,(Moench) Voss,Pinaceae,,,,Picea,,glauca,,species,Valid,Mitt. Deutsch. Dendrol. Ges. 16: 93. (1907),Accepted,,wfo-0000481470,NA,"Source in seed data: wcs Updated majorGroup from A to G, information provided by Alan E. on email Nov. 08 2021 More details could be found in <a href=http://www.theplantlist.org/tpl1.1/record/kew-2563473 >The Plant List v.1.1.</a> Originally in <a href=h",https://padme.rbge.org.uk/wfo/wfo-0000482539,The Conifer TEN,Pinophyta,kew-2563473,,TRUE,Synonym,wfo-0000482006,Picea alba,,183294
Pteretis pensylanica,Pteretis pensylanica,FALSE,FALSE,FALSE,TRUE,TRUE,TRUE,1,94,1,wfo-0000154818,urn:lsid:ipni.org:names:17343440-1,,Matteuccia struthiopteris var. pensylvanica,species,wfo-4000026881,Sm.,Onocleaceae,,,,Onoclea,,pensylvatica,,species,Valid,"Cycl. [A. Rees], (London ed.) 25(3). 1813",Accepted,,,NA,"Source in seed data: ipni Updated family from Aspleniaceae to Onocleaceae, information provided by Alan E. on email April 28, 2021 More details could be found in <a href=http://www.theplantlist.org/tpl1.1/record/ifn-56678 >The Plant List v.1.1.</a> Origi",https://powo.science.kew.org/taxon/urn:lsid:ipni.org:names:17343440-1,"World Checklist of Vascular Plants. Facilitated by the Royal Botanic Gardens, Kew.",Polypodiophyta,ifn-56678,,TRUE,Synonym,wfo-0001111124,Pteretis pensylvanica,,537423
Thuya occidentalis,Thuya occidentalis,FALSE,FALSE,FALSE,TRUE,TRUE,TRUE,1,95,1,wfo-0000407772,urn:lsid:ipni.org:names:263956-1,378542,Thuja occidentalis,species,wfo-4000038299,L.,Cupressaceae,,,,Thuja,,occidentalis,,species,Valid,Sp. Pl. 1002. (1753),Accepted,,,NA,"Source in seed data: wcs Updated majorGroup from A to G, information provided by Alan E. on email Nov. 08 2021 More details could be found in <a href=http://www.theplantlist.org/tpl1.1/record/kew-2432938 >The Plant List v.1.1.</a> Originally in <a href=h",https://padme.rbge.org.uk/wfo/wfo-0000407772,The Conifer TEN,Pinophyta,kew-2432938,,FALSE,,,,,505490
Agrimonia grypsosepala,Agrimonia grypsosepala,FALSE,FALSE,FALSE,TRUE,TRUE,TRUE,1,96,1,wfo-0001009093,urn:lsid:ipni.org:names:720273-1,4737,Agrimonia gryposepala,species,wfo-4000000979,Wallr.,Rosaceae,,,,Agrimonia,,gryposepala,,species,Valid,Beitr. Bot.  1: 49 (1842),Accepted,,,NA,"Source in seed data: rjp Update namepublishedIn from ; 1842 49, t.1,f.8a,b 1842 to Beitr. Bot. 1: 49 (1842), information provided by Alan E. on email Jun. 07 2021 More details could be found in <a href=http://www.theplantlist.org/tpl1.1/record/rjp-4737 >",https://powo.science.kew.org/taxon/urn:lsid:ipni.org:names:720273-1,"World Checklist of Vascular Plants. Facilitated by the Royal Botanic Gardens, Kew.",A,rjp-4737,,FALSE,,,,,25095
Ampelopsis brevipunculata,Ampelopsis brevipunculata,FALSE,FALSE,FALSE,TRUE,TRUE,TRUE,2,97,1,wfo-0000531669,urn:lsid:ipni.org:names:892748-1,766640,Ampelopsis glandulosa var. brevipedunculata,variety,wfo-0000531668,(Maxim.) Momiy.,Vitaceae,,,,Ampelopsis,,glandulosa,brevipedunculata,variety,Valid,J. Jap. Bot.  52: 30 (1977),Accepted,,wfo-0000606090,NA,"Source in seed data: cmp Update namepublishedIn from J. Jap. Bot. 52(1): 30. 1977 to J. Jap. Bot. 52: 30 (1977), information provided by Alan E. on email Jun. 07 2021 More details could be found in <a href=http://www.theplantlist.org/tpl1.1/record/kew-26",https://powo.science.kew.org/taxon/urn:lsid:ipni.org:names:892748-1,"World Checklist of Vascular Plants. Facilitated by the Royal Botanic Gardens, Kew.",A,kew-2634502,,TRUE,Synonym,wfo-0000531629,Ampelopsis brevipedunculata,,NA
Arceuthobium pusillium,Arceuthobium pusillium,FALSE,FALSE,FALSE,TRUE,TRUE,TRUE,1,98,1,wfo-0000543299,urn:lsid:ipni.org:names:547942-1,778904,Arceuthobium pusillum,species,wfo-4000002875,M.Peck,Santalaceae,,,,Arceuthobium,,pusillum,,species,Valid,in Ann. Rep. N. Y. State Museum Nat. Hist. (Dec. 1875) 112.,Accepted,,,NA,"Source in seed data: cmp Updated namepublishedIn from Rep. (Annual) New York State Mus. Nat. Hist. 1875: 112 1875 to in Ann. Rep. N. Y. State Museum Nat. Hist. (Dec. 1875) 112. , information provided by Alan E. on email Oct. 12 2020 More details could be",http://www.theplantlist.org/tpl1.1/record/kew-2646837,"World Checklist of Vascular Plants. Facilitated by the Royal Botanic Gardens, Kew.",A,kew-2646837,,FALSE,,,,,27895
Arctium nemerosum,Arctium nemerosum,FALSE,FALSE,FALSE,TRUE,TRUE,TRUE,1,99,1,wfo-0000012007,urn:lsid:ipni.org:names:77072591-1,GCC-66C328BB-E290-47F0-94FE-14E0EB77A6ED,Arctium nemorosum,species,wfo-4000002920,Lej.,Asteraceae,Carduoideae,Cardueae,Arctiinae,Arctium,,nemorosum,,species,Valid,Mag. Hort. (Liège) 1: 289 (1833),Accepted,,,NA,"Source in seed data: gcc Update namepublishedIn from Mag. Hort. (Liège) 1 289 1833 to Mag. Hort. (Liège) 1: 289 (1833), information provided by Alan E. on email Jun. 07 2021 More details could be found in <a href=http://www.theplantlist.org/tpl1.1/reco",https://www.compositae.org/gcd/aphia.php?p=taxdetails&id=1085503,The Asteraceaae TEN,A,gcc-11163,,FALSE,,,,,36547
Asclepias purpurescens,Asclepias purpurescens,FALSE,FALSE,FALSE,FALSE,TRUE,TRUE,1,100,1,wfo-0000551680,urn:lsid:ipni.org:names:94577-1,787155,Asclepias purpurascens,species,wfo-4000003243,L.,Apocynaceae,,,,Asclepias,,purpurascens,,species,Valid,Sp. Pl. : 214 (1753),Accepted,,,NA,"Source in seed data: cmp Update namepublishedIn from Sp. Pl. 1: 214. 1753 [1 May 1753] to Sp. Pl. : 214 (1753), information provided by Alan E. on email Jun. 07 2021 More details could be found in <a href=http://www.theplantlist.org/tpl1.1/record/kew-265",http://www.theplantlist.org/tpl1.1/record/kew-2655106,The Apocynaceae TEN,A,kew-2655106,,FALSE,,,,Not a synonym,30296
Aster sagitifolius,Aster sagitifolius,FALSE,FALSE,FALSE,FALSE,TRUE,TRUE,1,101,6,wfo-0000120184,urn:lsid:ipni.org:names:981914-1,GCC-7C79C5C4-11F5-4181-B835-6FDCD6F00B62,Symphyotrichum undulatum,species,wfo-4000037221,(L.) G.L.Nesom,Asteraceae,Asteroideae,Astereae,Symphyotrichinae,Symphyotrichum,,undulatum,,species,Valid,Phytologia 77(3): 293 (1995),Accepted,,wfo-0000131142,NA,"Source in seed data: gcc Update namepublishedIn from Phytologia 77(3): 293. 1995 [Sep 1994 publ. 31 Jan 1995] to Phytologia 77(3): 293 (1995), information provided by Alan E. on email Jun. 07 2021 More details could be found in <a href=http://www.theplan",https://www.compositae.org/gcd/aphia.php?p=taxdetails&id=1097191,The Asteraceaae TEN,A,gcc-81459,,TRUE,Synonym,wfo-0000129263,Aster sagittifolius,smallest ID,522257
Bidens artistosa,Bidens artistosa,FALSE,FALSE,FALSE,TRUE,TRUE,TRUE,1,102,1,wfo-0000128874,urn:lsid:ipni.org:names:32306-2,GCC-DD521FAC-B20A-4B11-ADD7-82A437C46230,Bidens aristosa,species,wfo-4000004584,Britton,Asteraceae,Asteroideae,Coreopsideae,,Bidens,,aristosa,,species,Valid,Bull. Torrey Bot. Club 20(7): 281 (1893),Accepted,,wfo-0000138173,NA,"Source in seed data: gcc Update namepublishedIn from Bull. Torrey Bot. Club 20 281 1893 to Bull. Torrey Bot. Club 20(7): 281 (1893), information provided by Alan E. on email Jun. 07 2021 More details could be found in <a href=http://www.theplantlist.org/",https://www.compositae.org/gcd/aphia.php?p=taxdetails&id=1099640,The Asteraceaae TEN,A,gcc-89835,,FALSE,,,,,35713
Chryosplenium americanum,Chryosplenium americanum,FALSE,FALSE,FALSE,TRUE,TRUE,TRUE,1,103,1,wfo-0000603909,urn:lsid:ipni.org:names:790546-1,850493,Chrysosplenium americanum,species,wfo-4000008242,Schwein. ex Hook.,Saxifragaceae,,,,Chrysosplenium,,americanum,,species,Valid,Fl. Bor.-Amer. 1: 242 (1832),Accepted,,,NA,"Source in seed data: cmp Update namepublishedIn from Fl. Bor.-Amer. 1: 242 1832 to Fl. Bor.-Amer. 1: 242 (1832), information provided by Alan E. on email Jun. 07 2021 More details could be found in <a href=http://www.theplantlist.org/tpl1.1/record/kew-27",http://www.theplantlist.org/tpl1.1/record/kew-2720092,"World Checklist of Vascular Plants. Facilitated by the Royal Botanic Gardens, Kew.",A,kew-2720092,,FALSE,,,,,24191
Colchium autumnale,Colchium autumnale,FALSE,FALSE,FALSE,TRUE,TRUE,TRUE,1,104,1,wfo-0000763824,urn:lsid:ipni.org:names:533232-1,302771,Colchicum autumnale,species,wfo-4000008882,L.,Colchicaceae,,,,Colchicum,,autumnale,,species,Valid,Sp. Pl. : 341 (1753),Accepted,,,NA,"Source in seed data: wcs Update namepublishedIn from Sp. Pl. 1: 341. 1753 [1 May 1753] to Sp. Pl. : 341 (1753), information provided by Alan E. on email Jun. 07 2021 More details could be found in <a href=http://www.theplantlist.org/tpl1.1/record/kew-302",https://powo.science.kew.org/taxon/urn:lsid:ipni.org:names:533232-1,"World Checklist of Vascular Plants. Facilitated by the Royal Botanic Gardens, Kew.",A,kew-302771,,FALSE,,,,,42907
Helianthus divicaricatus,Helianthus divicaricatus,FALSE,FALSE,FALSE,FALSE,TRUE,TRUE,2,105,1,wfo-0000044129,urn:lsid:ipni.org:names:329245-2,GCC-878D00B3-C22A-4191-81E3-1A7A7341E08E,Helianthus divaricatus,species,wfo-4000017208,L.,Asteraceae,Asteroideae,Heliantheae,Helianthinae,Helianthus,,divaricatus,,species,Valid,Sp. Pl. : 906 (1753),Accepted,,,NA,"Source in seed data: gcc Update namepublishedIn from 906 1753 to Sp. Pl. : 906 (1753), information provided by Alan E. on email Jun. 07 2021 More details could be found in <a href=http://www.theplantlist.org/tpl1.1/record/gcc-14269 >The Plant List v.1.1.",https://www.compositae.org/gcd/aphia.php?p=taxdetails&id=1086302,The Asteraceaae TEN,A,gcc-14269,,FALSE,,,,Accepted,36636
Lindernia angallidea,Lindernia angallidea,FALSE,FALSE,FALSE,TRUE,TRUE,TRUE,1,106,1,wfo-0001247408,urn:lsid:ipni.org:names:77225634-1,50141466,Lindernia dubia var. dubia,variety,wfo-0000446478,,Linderniaceae,,,,Lindernia,,dubia,dubia,variety,Valid,Unknown,Accepted,,,NA,Source in seed data: tro More details could be found in <a href=http://www.theplantlist.org/tpl1.1/record/tro-50141466 >The Plant List v.1.1.</a> Originally in <a href=http://www.theplantlist.org/tpl/record/tro-50141466 >The Plant List v.1.0</a>,https://powo.science.kew.org/taxon/urn:lsid:ipni.org:names:77225634-1,"World Checklist of Vascular Plants. Facilitated by the Royal Botanic Gardens, Kew.",A,tro-50141466,,TRUE,Synonym,wfo-0000446428,Lindernia anagallidea,,528805
Liparis lilifolia,Liparis  lilifolia,TRUE,FALSE,FALSE,TRUE,TRUE,TRUE,1,107,2,wfo-0000228276,urn:lsid:ipni.org:names:1039262-2,112958,Liparis liliifolia,species,wfo-4000021910,(L.) Rich. ex Lindl.,Orchidaceae,,,,Liparis,,liliifolia,,species,Valid,Bot. Reg. 11: t. 882 (1825),Accepted,,wfo-0000258062,NA,"Source in seed data: wcs Updated scientificnameAuthorship from (L.) Rich. ex Lindl. to (L.) A.Rich. ex Lindl., information provided by Alan E. on email Oct. 12 2020 More details could be found in <a href=http://www.theplantlist.org/tpl1.1/record/kew-1129",https://powo.science.kew.org/taxon/urn:lsid:ipni.org:names:1039262-2,"World Checklist of Vascular Plants. Facilitated by the Royal Botanic Gardens, Kew.",A,kew-112958,,FALSE,,,,,43622
Liparis loeselii,Liparis  loeselii,TRUE,FALSE,FALSE,TRUE,TRUE,FALSE,NA,108,1,wfo-0000228284,urn:lsid:ipni.org:names:641004-1,112965,Liparis loeselii,species,wfo-4000021910,(L.) Rich.,Orchidaceae,,,,Liparis,,loeselii,,species,Valid,De Orchid. Eur. : 38 (1817),Accepted,,wfo-0000258072,NA,"Source in seed data: wcs Update namepublishedIn from De Orchid. Eur. 38 1817 to De Orchid. Eur. : 38 (1817), information provided by Alan E. on email Jun. 07 2021 More details could be found in <a href=http://www.theplantlist.org/tpl1.1/record/kew-112965",https://powo.science.kew.org/taxon/urn:lsid:ipni.org:names:641004-1,"World Checklist of Vascular Plants. Facilitated by the Royal Botanic Gardens, Kew.",A,kew-112965,,FALSE,,,,,43623
Marshallia,Marshallia sp.,FALSE,FALSE,FALSE,TRUE,TRUE,FALSE,NA,109,1,wfo-4000023205,urn:lsid:ipni.org:names:331759-2,urn:lsid:marinespecies.org:taxname:1075710,Marshallia,genus,wfo-4500000537,Schreb.,Asteraceae,Asteroideae,Helenieae,Marshalliinae,Marshallia,,,,genus,Valid,"Gen. Pl., ed. 8[a]. 810. 1791 [May 1791]",Accepted,,,NA,"Source in seed data: TPL1.1 Updated namepublishedin from Unknown : 810 (1791) to Gen. Pl., ed. 8[a]. 810. 1791 [May 1791] , information provided by Alan E. on email Jun. 07 2021 More details could be found in <a href=http://www.theplantlist.org/1.1/brows",https://www.compositae.org/gcd/aphia.php?p=taxdetails&id=1075710,The Asteraceaae TEN,A,,,FALSE,,,,,9579
Polgonella articulata,Polgonella articulata,FALSE,FALSE,FALSE,TRUE,TRUE,TRUE,1,110,1,wfo-0001101001,urn:lsid:ipni.org:names:695266-1,26000814,Polygonella articulata,species,wfo-4000030742,Meisn.,Polygonaceae,,,,Polygonella,,articulata,,species,Valid,Pl. Vasc. Gen. 1: 228 (1839),Accepted,,wfo-0001268273,NA,"Source in seed data: tro Updated scientificnameAuthorship from (L.) Meisn. to Meisn., information provided by Alan E. on email Oct. 12 2020 More details could be found in <a href=http://www.theplantlist.org/tpl1.1/record/tro-26000814 >The Plant List v.1.",http://www.theplantlist.org/tpl1.1/record/tro-26000814,The Caryophyllales TEN -The Caryophyllales Network,A,tro-26000814,,FALSE,,,,,21308
Pontedaria cordata,Pontedaria cordata,FALSE,FALSE,FALSE,FALSE,TRUE,TRUE,1,111,2,wfo-0000500933,urn:lsid:ipni.org:names:283610-2,259449,Pontederia cordata,species,wfo-1000064796,L.,Pontederiaceae,,,,Pontederia,Pontederia,cordata,,species,Valid,Sp. Pl. : 288 (1753),Accepted,,,NA,"Source in seed data: wcs Update namepublishedIn from Sp. Pl. 288 1753 to Sp. Pl. : 288 (1753), information provided by Alan E. on email Jun. 07 2021 More details could be found in <a href=http://www.theplantlist.org/tpl1.1/record/kew-259449 >The Plant Li",http://www.theplantlist.org/tpl1.1/record/kew-259449,The Commelinales TEN,A,kew-259449,,FALSE,,,,Not a synonym,42620
Prenanthes virgatum,Prenanthes virgatum,FALSE,FALSE,FALSE,TRUE,TRUE,TRUE,2,112,1,wfo-0001042880,urn:lsid:ipni.org:names:60458063-2,100376081,Nabalus autumnalis,species,wfo-4000025256,(Walter) Weakley,Asteraceae,Cichorioideae,Cichorieae,Crepidinae,Nabalus,,autumnalis,,species,Valid,J. Bot. Res. Inst. Texas 5(2): 439 (2011),Accepted,,,NA,"Source in seed data: tro Update namepublishedIn from J. Bot. Res. Inst. Texas 5(2): 439. 2011 [7 Dec 2011] to J. Bot. Res. Inst. Texas 5(2): 439 (2011), information provided by Alan E. on email Jun. 07 2021 More details could be found in <a href=http://w",https://cichorieae.e-taxonomy.net/portal/cdm_dataportal/taxon/d7aee91a-eff7-4a7a-a7d3-8bb08fe24221,The Asteraceaae TEN,A,tro-100376081,,TRUE,Synonym,wfo-0000117949,Prenanthes virgata,,NA
Prunus nigra,Prunus nigra (america?),FALSE,TRUE,FALSE,FALSE,TRUE,FALSE,NA,113,3,wfo-0001013903,urn:lsid:ipni.org:names:730020-1,5910,Prunus nigra,species,wfo-4000031284,Aiton,Rosaceae,,,,Prunus,,nigra,,species,Valid,Hort. Kew.  2: 165 (1789),Accepted,,,NA,"Source in seed data: rjp Update namepublishedIn from Hortus kewensis ; 1789 165 1789 to Hort. Kew. 2: 165 (1789), information provided by Alan E. on email Jun. 07 2021 More details could be found in <a href=http://www.theplantlist.org/tpl1.1/record/rjp-5",https://powo.science.kew.org/taxon/urn:lsid:ipni.org:names:730020-1,"World Checklist of Vascular Plants. Facilitated by the Royal Botanic Gardens, Kew.",A,rjp-5910,,FALSE,,,,Not a synonym,24796
Raphanus sativus,Raphanus  sativus,TRUE,FALSE,FALSE,TRUE,TRUE,FALSE,NA,114,1,wfo-0001217985,urn:lsid:ipni.org:names:77159305-1,4104291,Raphanus raphanistrum subsp. sativus,subspecies,wfo-0000402425,(L.) Domin,Brassicaceae,,,,Raphanus,,raphanistrum,sativus,subspecies,Valid,Beih. Bot. Centralbl. 26(2): 255 (1910),Accepted,,,NA,"Source in seed data: tro Update namepublishedIn from to Beih. Bot. Centralbl. 26(2): 255 (1910), information provided by Alan E. on email Jun. 07 2021 More details could be found in <a href=http://www.theplantlist.org/tpl1.1/record/tro-4104291 >The Plant",https://powo.science.kew.org/taxon/urn:lsid:ipni.org:names:77159305-1,"World Checklist of Vascular Plants. Facilitated by the Royal Botanic Gardens, Kew.",A,tro-4104291,,TRUE,Synonym,wfo-0000402430,Raphanus sativus,,NA
Roripa officinalis,Roripa officinalis,FALSE,FALSE,FALSE,TRUE,TRUE,TRUE,1,115,1,wfo-0000380323,urn:lsid:ipni.org:names:167338-2,519856,Nasturtium officinale,species,wfo-4000025368,R.Br.,Brassicaceae,,,,Nasturtium,,officinale,,species,Valid,Hortus Kew. 4: 110 1812,Accepted,,,NA,Source in seed data: cmp More details could be found in <a href=http://www.theplantlist.org/tpl1.1/record/kew-2381026 >The Plant List v.1.1.</a> Originally in <a href=http://www.theplantlist.org/tpl/record/kew-2381026 >The Plant List v.1.0</a>,http://www.theplantlist.org/tpl1.1/record/kew-2381026,"World Checklist of Vascular Plants. Facilitated by the Royal Botanic Gardens, Kew.",A,kew-2381026,,TRUE,Synonym,wfo-0001278431,Rorippa officinalis,,23255
Tabacum longiflorum,Tabacum longiflorum,FALSE,FALSE,FALSE,TRUE,FALSE,FALSE,NA,116,1,NA,NA,NA,NA,NA,NA,NA,NA,NA,NA,NA,NA,NA,NA,NA,NA,NA,NA,NA,,NA,NA,NA,NA,NA,NA,NA,,FALSE,,,,,53
Trapa natas,Trapa natas,FALSE,FALSE,FALSE,TRUE,TRUE,TRUE,1,117,1,wfo-0000458183,urn:lsid:ipni.org:names:614405-1,655497,Trapa natans,species,wfo-4000038786,L.,Lythraceae,,,,Trapa,,natans,,species,Valid,Sp. Pl. : 120 (1753),Accepted,,,NA,"Source in seed data: cmp Update namepublishedIn from Sp. Pl. 120 1753 to Sp. Pl. : 120 (1753), information provided by Alan E. on email Jun. 07 2021 More details could be found in <a href=http://www.theplantlist.org/tpl1.1/record/kew-2519351 >The Plant L",https://powo.science.kew.org/taxon/urn:lsid:ipni.org:names:614405-1,"World Checklist of Vascular Plants. Facilitated by the Royal Botanic Gardens, Kew.",A,kew-2519351,,FALSE,,,,,27170
Xanthoxylum americanum,Xanthoxylum americanum,FALSE,FALSE,FALSE,TRUE,TRUE,TRUE,1,118,1,wfo-0001132898,urn:lsid:ipni.org:names:775568-1,28100527,Zanthoxylum americanum,species,wfo-4000041155,Mill.,Rutaceae,,,,Zanthoxylum,,americanum,,species,Valid,Gard. Dict. ed. 8 : n.º 2 (1768),Accepted,,,NA,"Source in seed data: tro Update namepublishedIn from Gard. Dict. (ed. 8) no. 2 1768 to Gard. Dict. ed. 8 : n.º 2 (1768), information provided by Alan E. on email Jun. 07 2021 More details could be found in <a href=http://www.theplantlist.org/tpl1.1/reco",http://www.theplantlist.org/tpl1.1/record/tro-28100527,"World Checklist of Vascular Plants. Facilitated by the Royal Botanic Gardens, Kew.",A,tro-28100527,,FALSE,,,,,505788
